﻿大白菜,3.00,上海南全副食品市场经营管理有限公司竹园市场,2015-07-01 00:00:00.000
卷心菜,6.0,上海南全副食品市场经营管理有限公司竹园市场,2015-07-01 00:00:00.000
芹菜,12.0,上海南全副食品市场经营管理有限公司竹园市场,2015-07-01 00:00:00.000
长白萝卜,3.0,上海南全副食品市场经营管理有限公司竹园市场,2015-07-01 00:00:00.000
土豆,6.0,上海南全副食品市场经营管理有限公司竹园市场,2015-07-01 00:00:00.000
芋艿,8.0,上海南全副食品市场经营管理有限公司竹园市场,2015-07-01 00:00:00.000
番茄,8.0,上海南全副食品市场经营管理有限公司竹园市场,2015-07-01 00:00:00.000
茄子,14.0,上海南全副食品市场经营管理有限公司竹园市场,2015-07-01 00:00:00.000
青椒,12.0,上海南全副食品市场经营管理有限公司竹园市场,2015-07-01 00:00:00.000
黄瓜,8.0,上海南全副食品市场经营管理有限公司竹园市场,2015-07-01 00:00:00.000
冬瓜,4.0,上海南全副食品市场经营管理有限公司竹园市场,2015-07-01 00:00:00.000
豇豆,9.0,上海南全副食品市场经营管理有限公司竹园市场,2015-07-01 00:00:00.000
刀豆,13.0,上海南全副食品市场经营管理有限公司竹园市场,2015-07-01 00:00:00.000
花菜,8.0,上海南全副食品市场经营管理有限公司竹园市场,2015-07-01 00:00:00.000
青菜,7.0,上海南全副食品市场经营管理有限公司竹园市场,2015-07-01 00:00:00.000
鸡毛菜,10.0,上海南全副食品市场经营管理有限公司竹园市场,2015-07-01 00:00:00.000
生菜,8.0,上海南全副食品市场经营管理有限公司竹园市场,2015-07-01 00:00:00.000
菠菜,14.0,上海南全副食品市场经营管理有限公司竹园市场,2015-07-01 00:00:00.000
牛肉,70.0,上海南全副食品市场经营管理有限公司竹园市场,2015-07-01 00:00:00.000
猪后腿肉,32.0,上海南全副食品市场经营管理有限公司竹园市场,2015-07-01 00:00:00.000
猪大排,33.0,上海南全副食品市场经营管理有限公司竹园市场,2015-07-01 00:00:00.000
五花肉,35.0,上海南全副食品市场经营管理有限公司竹园市场,2015-07-01 00:00:00.000
切面,6.0,上海南全副食品市场经营管理有限公司竹园市场,2015-07-01 00:00:00.000
鸡蛋,9.0,上海南全副食品市场经营管理有限公司竹园市场,2015-07-01 00:00:00.000
草鱼(青鱼),19.0,上海南全副食品市场经营管理有限公司竹园市场,2015-07-01 00:00:00.000
花鲢鱼,18.0,上海南全副食品市场经营管理有限公司竹园市场,2015-07-01 00:00:00.000
带鱼,46.0,上海南全副食品市场经营管理有限公司竹园市场,2015-07-01 00:00:00.000
内脂豆腐,2.0,上海南全副食品市场经营管理有限公司竹园市场,2015-07-01 00:00:00.000
香干,0.5,上海南全副食品市场经营管理有限公司竹园市场,2015-07-01 00:00:00.000
米苋 ,8.0,上海南全副食品市场经营管理有限公司竹园市场,2015-07-01 00:00:00.000
蕹菜,8.0,上海南全副食品市场经营管理有限公司竹园市场,2015-07-01 00:00:00.000
大白菜,3.2,上海浦东峨山集贸市场经营管理有限公司,2015-07-01 00:00:00.000
卷心菜,3.6,上海浦东峨山集贸市场经营管理有限公司,2015-07-01 00:00:00.000
芹菜,11.0,上海浦东峨山集贸市场经营管理有限公司,2015-07-01 00:00:00.000
长白萝卜,3.2,上海浦东峨山集贸市场经营管理有限公司,2015-07-01 00:00:00.000
土豆,4.0,上海浦东峨山集贸市场经营管理有限公司,2015-07-01 00:00:00.000
番茄,6.0,上海浦东峨山集贸市场经营管理有限公司,2015-07-01 00:00:00.000
茄子,7.0,上海浦东峨山集贸市场经营管理有限公司,2015-07-01 00:00:00.000
青椒,6.0,上海浦东峨山集贸市场经营管理有限公司,2015-07-01 00:00:00.000
黄瓜,5.0,上海浦东峨山集贸市场经营管理有限公司,2015-07-01 00:00:00.000
冬瓜,3.0,上海浦东峨山集贸市场经营管理有限公司,2015-07-01 00:00:00.000
豇豆,7.0,上海浦东峨山集贸市场经营管理有限公司,2015-07-01 00:00:00.000
刀豆,6.0,上海浦东峨山集贸市场经营管理有限公司,2015-07-01 00:00:00.000
花菜,6.0,上海浦东峨山集贸市场经营管理有限公司,2015-07-01 00:00:00.000
青菜,5.0,上海浦东峨山集贸市场经营管理有限公司,2015-07-01 00:00:00.000
鸡毛菜,10.0,上海浦东峨山集贸市场经营管理有限公司,2015-07-01 00:00:00.000
生菜,7.0,上海浦东峨山集贸市场经营管理有限公司,2015-07-01 00:00:00.000
菠菜,12.0,上海浦东峨山集贸市场经营管理有限公司,2015-07-01 00:00:00.000
牛肉,64.0,上海浦东峨山集贸市场经营管理有限公司,2015-07-01 00:00:00.000
猪后腿肉,28.0,上海浦东峨山集贸市场经营管理有限公司,2015-07-01 00:00:00.000
猪大排,29.0,上海浦东峨山集贸市场经营管理有限公司,2015-07-01 00:00:00.000
五花肉,28.0,上海浦东峨山集贸市场经营管理有限公司,2015-07-01 00:00:00.000
切面,6.0,上海浦东峨山集贸市场经营管理有限公司,2015-07-01 00:00:00.000
鸡蛋,8.4,上海浦东峨山集贸市场经营管理有限公司,2015-07-01 00:00:00.000
草鱼(青鱼),16.0,上海浦东峨山集贸市场经营管理有限公司,2015-07-01 00:00:00.000
花鲢鱼,16.0,上海浦东峨山集贸市场经营管理有限公司,2015-07-01 00:00:00.000
内脂豆腐,1.8,上海浦东峨山集贸市场经营管理有限公司,2015-07-01 00:00:00.000
香干,0.5,上海浦东峨山集贸市场经营管理有限公司,2015-07-01 00:00:00.000
米苋 ,9.0,上海浦东峨山集贸市场经营管理有限公司,2015-07-01 00:00:00.000
大白菜,3.0,上海浦东泾东集贸市场经营管理有限公司,2015-07-01 00:00:00.000
卷心菜,5.0,上海浦东泾东集贸市场经营管理有限公司,2015-07-01 00:00:00.000
芹菜,5.0,上海浦东泾东集贸市场经营管理有限公司,2015-07-01 00:00:00.000
长白萝卜,4.0,上海浦东泾东集贸市场经营管理有限公司,2015-07-01 00:00:00.000
土豆,5.0,上海浦东泾东集贸市场经营管理有限公司,2015-07-01 00:00:00.000
芋艿,5.0,上海浦东泾东集贸市场经营管理有限公司,2015-07-01 00:00:00.000
番茄,7.0,上海浦东泾东集贸市场经营管理有限公司,2015-07-01 00:00:00.000
茄子,5.0,上海浦东泾东集贸市场经营管理有限公司,2015-07-01 00:00:00.000
青椒,5.0,上海浦东泾东集贸市场经营管理有限公司,2015-07-01 00:00:00.000
黄瓜,7.0,上海浦东泾东集贸市场经营管理有限公司,2015-07-01 00:00:00.000
冬瓜,4.0,上海浦东泾东集贸市场经营管理有限公司,2015-07-01 00:00:00.000
豇豆,4.0,上海浦东泾东集贸市场经营管理有限公司,2015-07-01 00:00:00.000
刀豆,4.0,上海浦东泾东集贸市场经营管理有限公司,2015-07-01 00:00:00.000
花菜,5.0,上海浦东泾东集贸市场经营管理有限公司,2015-07-01 00:00:00.000
青菜,5.0,上海浦东泾东集贸市场经营管理有限公司,2015-07-01 00:00:00.000
鸡毛菜,5.0,上海浦东泾东集贸市场经营管理有限公司,2015-07-01 00:00:00.000
生菜,5.0,上海浦东泾东集贸市场经营管理有限公司,2015-07-01 00:00:00.000
菠菜,5.0,上海浦东泾东集贸市场经营管理有限公司,2015-07-01 00:00:00.000
牛肉,88.0,上海浦东泾东集贸市场经营管理有限公司,2015-07-01 00:00:00.000
猪后腿肉,23.0,上海浦东泾东集贸市场经营管理有限公司,2015-07-01 00:00:00.000
猪大排,23.0,上海浦东泾东集贸市场经营管理有限公司,2015-07-01 00:00:00.000
五花肉,24.0,上海浦东泾东集贸市场经营管理有限公司,2015-07-01 00:00:00.000
切面,4.0,上海浦东泾东集贸市场经营管理有限公司,2015-07-01 00:00:00.000
鸡蛋,7.0,上海浦东泾东集贸市场经营管理有限公司,2015-07-01 00:00:00.000
草鱼(青鱼),14.0,上海浦东泾东集贸市场经营管理有限公司,2015-07-01 00:00:00.000
花鲢鱼,14.0,上海浦东泾东集贸市场经营管理有限公司,2015-07-01 00:00:00.000
带鱼,44.0,上海浦东泾东集贸市场经营管理有限公司,2015-07-01 00:00:00.000
内脂豆腐,2.4,上海浦东泾东集贸市场经营管理有限公司,2015-07-01 00:00:00.000
香干,0.5,上海浦东泾东集贸市场经营管理有限公司,2015-07-01 00:00:00.000
米苋 ,5.0,上海浦东泾东集贸市场经营管理有限公司,2015-07-01 00:00:00.000
蕹菜,1.0,上海浦东泾东集贸市场经营管理有限公司,2015-07-01 00:00:00.000
大白菜,3.0,上海浦东王家宅集贸市场经营管理有限公司,2015-07-01 00:00:00.000
卷心菜,3.6,上海浦东王家宅集贸市场经营管理有限公司,2015-07-01 00:00:00.000
芹菜,12.0,上海浦东王家宅集贸市场经营管理有限公司,2015-07-01 00:00:00.000
长白萝卜,3.4,上海浦东王家宅集贸市场经营管理有限公司,2015-07-01 00:00:00.000
土豆,4.0,上海浦东王家宅集贸市场经营管理有限公司,2015-07-01 00:00:00.000
芋艿,12.0,上海浦东王家宅集贸市场经营管理有限公司,2015-07-01 00:00:00.000
番茄,6.0,上海浦东王家宅集贸市场经营管理有限公司,2015-07-01 00:00:00.000
茄子,7.0,上海浦东王家宅集贸市场经营管理有限公司,2015-07-01 00:00:00.000
青椒,5.0,上海浦东王家宅集贸市场经营管理有限公司,2015-07-01 00:00:00.000
黄瓜,4.0,上海浦东王家宅集贸市场经营管理有限公司,2015-07-01 00:00:00.000
冬瓜,2.0,上海浦东王家宅集贸市场经营管理有限公司,2015-07-01 00:00:00.000
