BM,CODE,NAMEF,ADDRESS,NAMES_,LOGO,REGION,IN_SQ,IN_SS,ADDF,TELS,FAX,NET_ADD,THEME,TIME_S,TIME_E,REMARK,AROUND,PICF,PICS,MANAGER,CONTROL,CONTACT,B_AREA,CONTENT,SUM_M,J_AREA,SUM_POP,JS_STATE,GNQ,WSORT,RECNO,KINDF,KINDS,KINDF2,NAMEF2,SIGN,DDATE,X_COORD,Y_COORD,UP_DATE,SORT,ZDYLX1,ZDYLX2,SHAPE
1, ,上海合庆店,东川公路5901号,华联, ,15110, , , ,021－58973052, ,http://www.962828.com/hualian1/index.jsp,生活服务业,,, , , ,1,华联加盟店, ,陈栋,428.7,零售,0.0,300.0,23,已建,张江,0000110,319.0,非必备业态,超市,购物,合庆店, ,2004-01-01,14249.788,2802.543,,1000.0, , ,1
2, ,上海志军店,上海市浦东新区环林东路847号、849号、853号,华联, ,15015, , , ,021-58341088, ,http://www.962828.com/hualian2/index.jsp,生活服务业,,, , , ,2,华联加盟店, ,王志军,214.35,零售,0.0,150.0,11,已建,三林世博,1000000,320.0,非必备业态,超市,购物,志军店, ,2004-01-01,5712.321,-10115.967,,1000.0, , ,2
3, ,上海昌兰店,南码头路1593号,华联, ,15007, , , ,021-50867626, ,http://www.962828.com/hualian3/index.jsp,生活服务业,,, , , ,3,华联加盟店, ,徐寿富,400.12,零售,0.0,280.0,31,已建,三林世博,2000030,321.0,非必备业态,超市,购物,万有全昌兰店, ,2004-01-01,4333.481,-6261.777,,1000.0, , ,3
4, ,上海北蔡店,北中路349号,华联, ,15105, , , ,021－58912786, ,http://www.962828.com/hualian4/index.jsp,生活服务业,,, , , ,4,华联加盟店, ,孙照明,418.697,零售,0.0,293.0,25,已建,三林世博,0000010,322.0,非必备业态,超市,购物,北蔡店, ,2004-01-01,8324.427,-5452.381,,1000.0, , ,4
5, ,上海凌桥店,凌桥镇江东路1340号,华联, ,15104, , , ,021-68663576, ,http://www.962828.com/hualian5/index.jsp,生活服务业,,, , , ,60,华联加盟店, ,朱丽华,743.08,零售,0.0,520.0,26,已建,外高桥,0000010,323.0,非必备业态,超市,购物,新凌桥店, ,2004-01-01,6961.999,14553.83,,1000.0, , ,5
6, ,上海万有全周家渡店,上南路151号,华联, ,15007, , , ,021－58838347, ,http://www.962828.com/hualian6/index.jsp,生活服务业,,, , , ,6,华联加盟店, ,董建新,237.214,零售,0.0,166.0,14,已建,三林世博,0000010,324.0,非必备业态,超市,购物,万有全周家渡店, ,2004-01-01,2095.637,-5142.459,,1000.0, , ,6
7, ,上海东波店,东波路79号,华联, ,15011, , , ,021－50691118, ,http://www.962828.com/hualian7/index.jsp,生活服务业,,, , , ,61,华联加盟店, ,陈福海,643.05,零售,0.0,450.0,20,已建,金桥,0000010,325.0,非必备业态,超市,购物,东波店, ,2004-01-01,10077.6,5669.723,,1000.0, , ,7
8, ,上海东炎店,东坡路81号,华联, ,15011, , , ,021－50691118, ,http://www.962828.com/hualian8/index.jsp,生活服务业,,, , , ,62,华联加盟店, ,陈福海,643.05,零售,0.0,450.0,23,已建,金桥,0000010,326.0,非必备业态,超市,购物,东炎店, ,2004-01-01,10112.522,5667.024,,1000.0, , ,8
9, ,上海杏珍店,万安街341幢,华联, ,15121, , ,1层,13818320714, ,http://www.962828.com/hualian9/index.jsp,生活服务业,,, , , ,9,华联加盟店, ,黄杏珍,171.48,零售,0.0,120.0,10,已建,外高桥,3000000,327.0,非必备业态,超市,购物,杏珍店, ,2004-01-01,13601.83,7001.18,,1000.0, , ,9
10, ,上海崮山店,浦东大道1179号-2楼,华联, ,15013, , , ,, ,http://www.962828.com/hualian11/index.jsp,生活服务业,,, , , ,63,华联加盟店, ,曹麒,571.6,零售,0.0,400.0,24,已建,陆家嘴,4000000,329.0,非必备业态,超市,购物,崮山店, ,2004-01-01,7488.345,1710.87,,1000.0, , ,10
11, ,上海龚新店,龚新路577号,华联, ,15117, , , ,021－58565418, ,http://www.962828.com/hualian12/index.jsp,生活服务业,,, , , ,11,华联加盟店, ,朱宏平,285.8,零售,0.0,200.0,10,已建,金桥,4000000,330.0,非必备业态,超市,购物,龚新店, ,2004-01-01,20223.09,2606.136,,1000.0, , ,11
12, ,上海张江店,碧波路25号,华联, ,15125, , , ,021－50803583, ,http://www.962828.com/hualian13/index.jsp,生活服务业,,, , , ,12,华联加盟店, ,王惠,228.64,零售,0.0,160.0,7,已建,张江,0000010,331.0,非必备业态,超市,购物,张江店, ,2004-01-01,11024.5,-2765.972,,1000.0, , ,12
13, ,上海下南店,下南路311-3临,华联, ,15105, , , ,021－58531325, ,http://www.962828.com/hualian14/index.jsp,生活服务业,,, , , ,13,华联加盟店, ,郭宝祥,357.25,零售,0.0,250.0,18,已建,三林世博,1000000,332.0,非必备业态,超市,购物,下南店, ,2004-01-01,6683.075,-7052.347,,1000.0, , ,13
14, ,上海民风店,民风路710-726号,华联, ,15117, , , ,021－58631649, ,http://www.962828.com/hualian15/index.jsp,生活服务业,,, , , ,14,华联加盟店, ,朱则理,428.7,零售,0.0,300.0,20,已建,金桥,3000000,333.0,非必备业态,超市,购物,民风店, ,2004-01-01,18235.231,5795.876,,1000.0, , ,14
15, ,上海新扬店,杨新路91号,华联, ,15130, , , ,021－38790312, ,http://www.962828.com/hualian17/index.jsp,生活服务业,,, , , ,15,华联加盟店, ,肖文礼,314.38,零售,0.0,220.0,15,已建,三林世博,4002030,334.0,非必备业态,超市,购物,新扬店, ,2004-01-01,1416.242,-8102.248,,1000.0, , ,15
16, ,上海虹盛店,虹盛东路7号,华联, ,15114, , , ,021－58585056, ,http://www.962828.com/hualian18/index.jsp,生活服务业,,, , , ,16,华联加盟店, ,林永平,414.41,零售,0.0,290.0,19,已建,张江,4000000,335.0,非必备业态,超市,购物,虹盛店, ,2004-01-01,20173.01,536.579,,1000.0, , ,16
17, ,上海杨园店,赵高路1205号,华联, ,15123, , , ,021－38850038, ,http://www.962828.com/hualian19/index.jsp,生活服务业,,, , , ,64,华联加盟店, ,杨国兴,714.5,零售,0.0,500.0,33,已建,外高桥,5000000,336.0,非必备业态,超市,购物,杨园店, ,2004-01-01,15083.776,9236.23,,1000.0, , ,17
18, ,上海雪野店,雪野路11号,华联, ,15007, , , ,021－58743495, ,http://www.962828.com/hualian21/index.jsp,生活服务业,,, , , ,18,华联加盟店, ,耿清芳,357.25,零售,0.0,250.0,17,已建,三林世博,1000000,338.0,非必备业态,超市,购物,雪野店, ,2004-01-01,2282.48,-5735.849,,1000.0, , ,18
19, ,上海锦安店,锦安东路238号,华联, ,15016, , , ,021－68452117, ,http://www.962828.com/hualian22/index.jsp,生活服务业,,, , , ,65,华联加盟店, ,陈桂标,571.6,零售,0.0,400.0,27,已建,陆家嘴,1000000,339.0,非必备业态,超市,购物,锦安店, ,2004-01-01,6854.116,-3429.06,,1000.0, , ,19
20, ,上海顾路店,民区路117号,华联, ,15117, , , ,021－58631737, ,http://www.962828.com/hualian23/index.jsp,生活服务业,,, , , ,20,华联加盟店, ,张南萍,328.67,零售,0.0,230.0,12,已建,金桥,3000000,340.0,非必备业态,超市,购物,顾路店, ,2004-01-01,17179.961,4419.228,,1000.0, , ,20
21, ,上海黄楼店,川周公路6341号,华联, ,15103, , , ,021-38924003, ,http://www.962828.com/hualian24/index.jsp,生活服务业,,, , , ,21,华联加盟店, ,潘统得,294.374,零售,0.0,206.0,14,已建,川沙,2000000,341.0,非必备业态,超市,购物,黄楼店, ,2004-01-01,18920.83,-7763.176,,1000.0, , ,21
22, ,上海海阳店,海阳路1127号,华联, ,15130, , , ,18717999928, ,http://www.962828.com/hualian25/index.jsp,生活服务业,,, , , ,66,华联加盟店, ,揭有孙,571.6,零售,0.0,400.0,27,已建,三林世博,0000010,342.0,非必备业态,超市,购物,海阳店, ,2004-01-01,2011.298,-8732.253,,1000.0, , ,22
23, ,上海高桥店,高桥慈善街1—19号,华联, ,15104, , , ,021-68660127, ,http://www.962828.com/hualian26/index.jsp,生活服务业,,, , , ,23,华联加盟店, ,宁丐建,428.7,零售,0.0,300.0,18,已建,外高桥,2000000,343.0,非必备业态,超市,购物,高宇店, ,2004-01-01,10382.97,12279.45,,1000.0, , ,23
24, ,上海御桥店,御青路328弄1号,华联, ,15105, , , ,021－58931616, ,http://www.962828.com/hualian27/index.jsp,生活服务业,,, , , ,24,华联加盟店, ,赵文蓉,214.35,零售,0.0,150.0,10,已建,三林世博,4001000,344.0,非必备业态,超市,购物,御桥店, ,2004-01-01,9596.211,-8556.352,,1000.0, , ,24
25, ,上海花山店,花山路8号,华联, ,15104, , , ,021－50401997, ,http://www.962828.com/hualian28/index.jsp,生活服务业,,, , , ,25,华联加盟店, ,黄顺龙,285.8,零售,0.0,200.0,10,已建,外高桥,3000000,345.0,非必备业态,超市,购物,花山店, ,2004-01-01,9175.818,12452.6,,1000.0, , ,25
26, ,上海灵山店,灵山路1761、1763、1765、1767号,华联, ,15012, , , ,021－50500269, ,http://www.962828.com/hualian29/index.jsp,生活服务业,,, , , ,67,华联加盟店, ,张家城,1043.17,零售,0.0,730.0,30,已建,金桥,2000000,346.0,非必备业态,超市,购物,灵山店, ,2004-01-01,9230.254,806.458,,1000.0, , ,26
27, ,上海川北店,川北公路3076号,华联, ,15125, , , ,021－38950083, ,http://www.962828.com/hualian30/index.jsp,生活服务业,,, , , ,27,华联加盟店, ,丁慧琴,214.35,零售,0.0,150.0,12,已建,张江,0000010,347.0,非必备业态,超市,购物,川北店, ,2004-01-01,12629.73,-3939.934,,1000.0, , ,27
28, ,上海唐陆店,浦东新区唐陆路1449,华联, ,15120, , , ,021－58341239, ,http://www.962828.com/hualian32/index.jsp,生活服务业,,, , , ,28,华联加盟店, ,朱建武,257.22,零售,0.0,180.0,12,已建,金桥,4000000,349.0,非必备业态,超市,购物,唐陆店, ,2004-01-01,15728.8,1137.864,,1000.0, , ,28
29, ,上海晨妙店,乳山路202号,华联, ,15005, , , , , ,http://www.962828.com/hualian33/index.jsp,生活服务业,,, , , ,68,华联加盟店, ,陈礼,500.15,零售,0.0,350.0,23,已建,陆家嘴,1000000,350.0,非必备业态,超市,购物,晨妙店, ,2004-01-01,5502.51,501.975,,1000.0, , ,29
30, ,上海新浦店,艾南村一队东赵家宅41号,华联, ,15105, , , ,68744361, ,http://www.962828.com/hualian36/index.jsp,生活服务业,,, , , ,30,华联加盟店, ,雷伟平,214.35,零售,0.0,150.0,11,已建,三林世博,4001030,353.0,非必备业态,超市,购物,新浦店, ,2004-01-01,5684.687,-6970.551,,1000.0, , ,30
31, ,上海志南店,富特西路456号,华联, ,15123, , , ,13020133399, ,http://www.962828.com/hualian38/index.jsp,生活服务业,,, , , ,31,华联加盟店, ,林志南,242.93,零售,0.0,170.0,12,已建,外高桥,3000000,355.0,非必备业态,超市,购物,志南店, ,2004-01-01,11780.489,11304.487,,1000.0, , ,31
32, ,上海博生店,博兴路456-458号,华联, ,15011, , , ,66531411, ,http://www.962828.com/hualian39/index.jsp,生活服务业,,, , , ,69,华联加盟店, ,朱厚广,485.86,零售,0.0,340.0,25,已建,金桥,1000000,356.0,非必备业态,超市,购物,博生店, ,2004-01-01,10609.071,3639.849,,1000.0, , ,32
33, ,上海海中店,浦东北路4780弄19-22号,华联, ,15104, , , ,50415922, ,http://www.962828.com/hualian40/index.jsp,生活服务业,,, , , ,33,华联加盟店, ,薛卫国,228.64,零售,0.0,160.0,12,已建,外高桥,2000000,357.0,非必备业态,超市,购物,海中店, ,2004-01-01,8403.444,12986.92,,1000.0, , ,33
34, ,上海叶军店,顾东集贸市场营业房100号,华联, ,15117, , , , , ,http://www.962828.com/hualian41/index.jsp,生活服务业,,, , , ,34,华联加盟店, ,叶军,237.214,零售,0.0,166.0,12,已建,金桥,5000000,358.0,非必备业态,超市,购物,叶军店, ,2004-01-01,18554.16,6923.199,,1000.0, , ,34
35, ,上海康乐店,云台路802号,华联, ,15015, , , ,, ,http://www.962828.com/hualian42/index.jsp,生活服务业,,, , , ,35,华联加盟店, ,朱席臣,257.22,零售,0.0,180.0,13,已建,三林世博,1000030,359.0,非必备业态,超市,购物,康乐店, ,2004-01-01,3590.717,-9754.208,,1000.0, , ,35
36, ,上海张家门店,社庄村张家门26号,华联, ,15120, , , ,5899901, ,http://www.962828.com/hualian43/index.jsp,生活服务业,,, , , ,36,华联加盟店, ,邹观青,252.933,零售,0.0,177.0,12,已建,金桥,5000000,360.0,非必备业态,超市,购物,张家门店, ,2004-01-01,11923.82,101.042,,1000.0, , ,36
37, ,上海良美店,金巷村树园117号,华联, ,15120, , , ,50318553, ,http://www.962828.com/hualian44/index.jsp,生活服务业,,, , , ,37,华联加盟店, ,包良美,214.35,零售,0.0,150.0,11,已建,金桥,5002010,361.0,非必备业态,超市,购物,良美店, ,2004-01-01,13149.63,532.456,,1000.0, , ,37
38, ,上海凌河店,凌河路777弄-1-39号,华联, ,15014, , , ,50252288, ,http://www.962828.com/hualian45/index.jsp,生活服务业,,, , , ,38,华联加盟店, ,吕美庆,180.054,零售,0.0,126.0,11,已建,金桥,2000000,362.0,非必备业态,超市,购物,凌河店, ,2004-01-01,12499.61,4380.065,,1000.0, , ,38
39, ,上海三桥店,金桥路2650号,华联, ,15120, , , ,58343098, ,http://www.962828.com/hualian46/index.jsp,生活服务业,,, , , ,39,华联加盟店, ,胡海波,285.8,零售,0.0,200.0,13,已建,金桥,3000030,363.0,非必备业态,超市,购物,三桥店, ,2004-01-01,12706.256,-63.699,,1000.0, , ,39
40, ,上海东沟店,东沟路11号,华联, ,15121, , , ,13764990823, ,http://www.962828.com/hualian48/index.jsp,生活服务业,,, , , ,40,华联加盟店, ,戴丽文,314.38,零售,0.0,220.0,15,已建,外高桥,5000030,365.0,非必备业态,超市,购物,东沟店, ,2004-01-01,9892.103,6363.621,,1000.0, , ,40
41, ,上海杨南,杨园镇南路7号,华联, ,15130, , , ,68482767, ,http://www.962828.com/hualian49/index.jsp,生活服务业,,, , , ,41,华联加盟店, ,邵有良,285.8,零售,0.0,200.0,13,已建,三林世博,0000010,366.0,非必备业态,超市,购物,杨南, ,2004-01-01,3201.816,-11014.18,,1000.0, , ,41
42, ,上海礼豪店,三林路146~154,华联, ,15130, , , ,13801756408, ,http://www.962828.com/hualian50/index.jsp,生活服务业,,, , , ,42,华联加盟店, ,陈礼豪,214.35,零售,0.0,150.0,11,已建,三林世博,2000010,367.0,非必备业态,超市,购物,礼豪店, ,2004-01-01,2257.227,-10745.49,,1000.0, , ,42
43, ,上海佳俊店,上南路5159号,华联, ,15130, , , ,58490467, ,http://www.962828.com/hualian51/index.jsp,生活服务业,,, , , ,43,华联加盟店, ,翁永康,242.93,零售,0.0,170.0,11,已建,三林世博,4000030,368.0,非必备业态,超市,购物,佳俊店, ,2004-01-01,4574.455,-11431.39,,1000.0, , ,43
44, ,上海联洋店,迎春路862号,华联, ,15016, , , ,13501603681, ,http://www.962828.com/hualian52/index.jsp,生活服务业,,, , , ,44,华联加盟店, ,留永权,214.35,零售,0.0,150.0,10,已建,陆家嘴,1000000,369.0,非必备业态,超市,购物,联洋店, ,2004-01-01,8003.821,-1028.093,,1000.0, , ,44
45, ,上海财泳店,沪东路500号,华联, ,15011, , , ,50386202, ,http://www.962828.com/hualian53/index.jsp,生活服务业,,, , , ,45,华联加盟店, ,郑丐兴,428.7,零售,0.0,300.0,20,已建,金桥,3000030,370.0,非必备业态,超市,购物,财泳店, ,2004-01-01,10529.193,4028.42,,1000.0, , ,45
46, ,上海耀华路店,耀华路20号,华联, ,15009, , , ,50569063, ,http://www.962828.com/hualian54/index.jsp,生活服务业,,, , , ,46,华联加盟店, ,朱义伟,285.8,零售,0.0,200.0,13,已建,三林世博,0000010,371.0,非必备业态,超市,购物,耀华路店, ,2004-01-01,2103.43,-6139.821,,1000.0, , ,46
47, ,上海丽委店,胡巷宅161号,华联, ,15130, , , ,13611873015, ,http://www.962828.com/hualian56/index.jsp,生活服务业,,, , , ,47,华联加盟店, ,徐丽委,214.35,零售,0.0,150.0,10,已建,三林世博,5002000,373.0,非必备业态,超市,购物,丽委店, ,2004-01-01,3963.679,-8128.27,,1000.0, , ,47
48, ,上海唐镇店,唐镇路300-310号,华联, ,15114, , , ,58965659, ,http://www.962828.com/hualian57/index.jsp,生活服务业,,, , , ,48,华联加盟店, ,陈金顶,257.22,零售,0.0,180.0,13,已建,张江,0000010,374.0,非必备业态,超市,购物,唐镇店, ,2004-01-01,17357.936,-2692.291,,1000.0, , ,48
49, ,上海双桥店,双桥路340号,华联, ,15014, , , ,38980027, ,http://www.962828.com/hualian58/index.jsp,生活服务业,,, , , ,49,华联加盟店, ,张福明,285.8,零售,0.0,200.0,14,已建,金桥,0000010,375.0,非必备业态,超市,购物,双桥店, ,2004-01-01,11993.87,5725.145,,1000.0, , ,49
50,IH1100882,华联罗森栖霞路,栖霞路45号,罗森, ,15005, , , ,58407728, , ,生活服务业,,, , , ,49,上海华联罗森有限公司, ,落合勇,0.0,日用百货,0.0,0.0,12,已建,陆家嘴,1000000,376.0,必备业态,便利店,购物,华联罗森栖霞路, ,2004-01-01,4160.336,271.277,,1000.0, , ,50
51,IH1100743,华联罗森金茂大厦,世纪大道88号,罗森, ,15005, ,华联罗森金茂大厦, ,50476088, , ,生活服务业,,, , , ,50,上海华联罗森有限公司, ,落合勇,0.0,日用百货,0.0,0.0,12,已建,陆家嘴,5000000,378.0,必备业态,便利店,购物,华联罗森金茂大厦,P,2004-01-01,3241.545,209.968,,1000.0, , ,51
52,IH1100719,华联罗森浦三路,浦东南路2553号,罗森, ,15010, , , ,58704503, , ,生活服务业,,, , , ,51,上海华联罗森有限公司, ,落合勇,0.0,日用百货,0.0,0.0,12,已建,三林世博,5000030,379.0,必备业态,便利店,购物,华联罗森浦三路, ,2004-01-01,3885.371,-4183.515,,1000.0, , ,52
53,IH1100778,华联罗森五牛城,浦东大道1081号,罗森, ,15013, , , ,68538476, , ,生活服务业,,, , , ,52,上海华联罗森有限公司, ,落合勇,0.0,日用百货,0.0,0.0,12,已建,陆家嘴,1000000,380.0,必备业态,便利店,购物,华联罗森五牛城, ,2004-01-01,5566.287,889.43,,1000.0, , ,53
54,SH200916X,华联罗森汇丰大厦,银城东路101号,罗森, ,15005, , , ,68410522, , ,生活服务业,,, , , ,53,上海华联罗森有限公司, ,落合勇,0.0,日用百货,0.0,0.0,12,已建,陆家嘴,5000000,381.0,必备业态,便利店,购物,华联罗森汇丰大厦, ,2004-01-01,2933.522,809.479,,1000.0, , ,54
55,IH1169564,华联罗森世贸湖滨,明月路188弄会所,罗森, ,15016, , , ,28418619, , ,生活服务业,,, , , ,54,上海华联罗森有限公司, ,落合勇,0.0,日用百货,0.0,0.0,12,已建,陆家嘴,3000030,382.0,必备业态,便利店,购物,华联罗森世贸湖滨, ,2004-01-01,9941.211,-154.734,,1000.0, , ,55
56, ,内外联大厦,商城路518号,罗森, ,15005, , ,一楼,5878597, , ,生活服务业,,, , , ,55,上海华联罗森有限公司, ,徐锋,0.0,日用百货,0.0,0.0,12,已建,陆家嘴,5000000,383.0,必备业态,便利店,购物,内外联大厦, ,2004-01-01,4348.868,-377.497,,1000.0, , ,56
57, ,方正大厦,新金桥路1122号,罗森, ,15120, , ,101室,6105217, , ,生活服务业,,, , , ,56,上海华联罗森有限公司, , ,0.0,日用百货,0.0,0.0,12,已建,金桥,5000000,384.0,必备业态,便利店,购物,方正大厦, ,2004-01-01,13212.72,2217.589,,1000.0, , ,57
58, ,德尔福,德林路118号,罗森, ,15121, , , ,2896767, , ,生活服务业,,, , , ,57,上海华联罗森有限公司, , ,0.0,日用百货,0.0,0.0,12,已建,外高桥,5000000,385.0,必备业态,便利店,购物,德尔福, ,2004-01-01,12688.19,9875.225,,1000.0, , ,58
59, ,华联超市南码头店,南码头路770号,华联, ,15010, , , ,50776925, ,http://www.962828.com/index.htm,生活服务业,,, , , ,50,上海华联超市股份有限公司,国有,沈霞,285.8,零售,0.0,200.0,9,已建,三林世博,5000030,386.0,非必备业态,超市,购物,华联超市南码头店, ,2004-01-01,3423.358,-3672.396,,1000.0, , ,59
60, ,华联超市浦三店,浦三路770号,华联, ,15105, , , ,58815091, ,http://www.962829.com/index.htm,生活服务业,,, , , ,51,上海华联超市股份有限公司,国有,刘凯颖,211.492,零售,0.0,148.0,9,已建,三林世博,5000030,387.0,非必备业态,超市,购物,华联超市浦三店, ,2004-01-01,5308.104,-7266.773,,1000.0, , ,60
61, ,华联超市德州店,德州路280~286号,华联, ,15009, , , ,58474921, ,http://www.962830.com/index.htm,生活服务业,,, , , ,70,上海华联超市股份有限公司,国有,苏彦,600.18,零售,0.0,420.0,10,已建,三林世博,5000000,388.0,非必备业态,超市,购物,华联超市德州店, ,2004-01-01,1076.296,-7393.997,,1000.0, , ,61
62, ,华联超市齐河店,齐河路37号,华联, ,15007, , , ,58745769, ,http://www.962831.com/index.htm,生活服务业,,, , , ,53,上海华联超市股份有限公司,国有,瞿宝英,407.265,零售,0.0,285.0,8,已建,三林世博,5000000,389.0,非必备业态,超市,购物,华联超市齐河店, ,2004-01-01,2762.138,-6092.609,,1000.0, , ,62
63, ,华联超市崂山店,崂山东路165号,华联, ,15005, , , ,58882114, ,http://www.962832.com/index.htm,生活服务业,,, , , ,54,上海华联超市股份有限公司,国有,任冬青,155.761,零售,0.0,109.0,11,已建,陆家嘴,5000000,390.0,非必备业态,超市,购物,华联超市崂山店, ,2004-01-01,4362.818,533.698,,1000.0, , ,63
64, ,华联超市莱阳店,莱阳路618号,华联, ,15011, , , ,68610131, ,http://www.962833.com/index.htm,生活服务业,,, , , ,71,上海华联超市股份有限公司,国有,沈华梅,485.86,零售,0.0,340.0,12,已建,金桥,5000000,391.0,非必备业态,超市,购物,华联超市莱阳店, ,2004-01-01,10390.71,4399.417,,1000.0, , ,64
65, ,华联超市峨山店,峨山路609号,华联, ,15008, , , ,58734968, ,http://www.962834.com/index.htm,生活服务业,,, , , ,56,上海华联超市股份有限公司,国有,俞菁,228.64,零售,0.0,160.0,11,已建,陆家嘴,5000030,392.0,非必备业态,超市,购物,华联超市峨山店, ,2004-01-01,4837.658,-2098.466,,1000.0, , ,65
66, ,华联超市凌兆店,灵岩南路1051号,华联, ,15130, , , ,58417940, ,http://www.962835.com/index.htm,生活服务业,,, , , ,72,上海华联超市股份有限公司,国有,柏张娟,711.642,零售,0.0,498.0,14,已建,三林世博,5000000,393.0,非必备业态,超市,购物,华联超市凌兆店, ,2004-01-01,2393.106,-8739.214,,1000.0, , ,66
67, ,华联超市金杨店,金杨路778号,华联, ,15012, , , ,50500147, ,http://www.962836.com/index.htm,生活服务业,,, , , ,73,上海华联超市股份有限公司,国有,吴迎春,614.47,零售,0.0,430.0,8,已建,金桥,5000030,394.0,非必备业态,超市,购物,华联超市金杨店, ,2004-01-01,10236.386,1589.609,,1000.0, , ,67
68, ,华联超市新川店,新川路200号,华联, ,15103, , , ,58982136, ,http://www.962837.com/index.htm,生活服务业,,, , , ,59,上海华联超市股份有限公司,国有,徐玮,357.25,零售,0.0,250.0,14,已建,川沙,5000030,395.0,非必备业态,超市,购物,华联超市新川店, ,2004-01-01,22281.17,-4234.387,,1000.0, , ,68
69, ,华联超市妙境店,妙境路592号,华联, ,15103, , , ,58371323, ,http://www.962838.com/index.htm,生活服务业,,, , , ,74,上海华联超市股份有限公司,国有,金方,557.31,零售,0.0,390.0,15,已建,川沙,5000030,396.0,非必备业态,超市,购物,华联超市妙境店, ,2004-01-01,20942.732,-4868.952,,1000.0, , ,69
70, ,华联超市六里店,浦三路786弄29-31号,华联, ,15010, , , ,50776925, ,http://www.962839.com/index.htm,生活服务业,,, , , ,75,上海华联超市股份有限公司,国有,孙琴,731.648,零售,0.0,512.0,30,已建,三林世博,5000000,397.0,非必备业态,超市,购物,华联超市六里店, ,2004-01-01,4372.832,-5570.479,,1000.0, , ,70
71, ,华联超市金桥店,金桥路188号,华联, ,15012, , , ,58717154, ,http://www.962840.com/index.htm,生活服务业,,, , , ,76,上海华联超市股份有限公司,国有,奚倩,1114.62,零售,0.0,780.0,13,已建,金桥,5000030,398.0,非必备业态,超市,购物,华联超市金桥店, ,2004-01-01,9373.575,3708.58,,1000.0, , ,71
72, ,华联超市昌里店,历城路124号,华联, ,15009, , , ,021-58838246, ,http://www.962841.com/index.htm,生活服务业,,, , , ,77,上海华联超市股份有限公司,国有,陈辉明,950.285,零售,0.0,665.0,11,已建,三林世博,5000000,399.0,非必备业态,超市,购物,华联超市昌里店, ,2004-01-01,1982.635,-6596.007,,1000.0, , ,72
73, ,华联超市花木店,花木路118弄1-2号,华联, ,15016, , , ,58913548, ,http://www.962842.com/index.htm,生活服务业,,, , , ,78,上海华联超市股份有限公司,国有,云琦,1571.9,零售,0.0,1100.0,15,已建,陆家嘴,5000030,400.0,非必备业态,超市,购物,华联超市花木店, ,2004-01-01,6315.523,-2240.524,,1000.0, , ,73
74, ,华联超市五莲店,五莲路1343-1367号,华联, ,15014, , , ,58540800, ,http://www.962843.com/index.htm,生活服务业,,, , , ,79,上海华联超市股份有限公司,国有,姜倩如,1028.88,零售,0.0,720.0,20,已建,金桥,5000000,401.0,非必备业态,超市,购物,华联超市五莲店, ,2004-01-01,12133.265,4814.64,,1000.0, , ,74
75, ,华联超市晨阳店,晨阳路117-155号,华联, ,15139, , , ,38930151, ,http://www.962844.com/index.htm,生活服务业,,, , , ,80,上海华联超市股份有限公司,国有,马黛红,1371.84,零售,0.0,960.0,25,已建,川沙,5000000,402.0,非必备业态,超市,购物,华联超市晨阳店, ,2004-01-01,26629.055,-6312.553,,1000.0, , ,75
76, ,华联超市博山店,博山东路78号,华联, ,15012, , , ,68534203, ,http://www.962846.com/index.htm,生活服务业,,, , , ,82,上海华联超市股份有限公司,国有,吴滨兰,635.905,零售,0.0,445.0,14,已建,金桥,5000000,404.0,非必备业态,超市,购物,华联超市博山店, ,2004-01-01,8493.756,1592.002,,1000.0, , ,76
77, ,华联超市新耀华点,耀华路603号,华联, ,15009, , , ,50563788, ,http://www.962848.com/index.htm,生活服务业,,, , , ,84,上海华联超市股份有限公司,国有,金荣祥,543.02,零售,0.0,380.0,16,已建,三林世博,5000030,406.0,非必备业态,超市,购物,华联超市新耀华点, ,2004-01-01,774.39,-6862.766,,1000.0, , ,77
78, ,华联超市长岛路,长岛路1538号,华联, ,15014, , , ,50255639, ,http://www.962849.com/index.htm,生活服务业,,, , , ,85,上海华联超市股份有限公司,国有,丁志标,2100.63,零售,0.0,1470.0,45,已建,金桥,5000030,407.0,非必备业态,超市,购物,华联超市长岛路, ,2004-01-01,12407.98,3536.961,,1000.0, , ,78
79, ,华联超市佳乐店,佳乐路佳乐路189,华联, ,15120, , ,底层,58991743, ,http://www.962850.com/index.htm,生活服务业,,, , , ,86,上海华联超市股份有限公司,国有,赵晓,1943.44,零售,0.0,1360.0,36,已建,金桥,5000000,408.0,非必备业态,超市,购物,华联超市佳乐店, ,2004-01-01,13553.8,3957.875,,1000.0, , ,79
80, ,华联超市东波苑,东波路79-81号,华联, ,15011, , , ,021-50691118, ,http://www.962851.com/index.htm,生活服务业,,, , , ,87,上海华联超市股份有限公司,国有,洪俊,671.63,零售,0.0,470.0,16,已建,金桥,5000000,409.0,非必备业态,超市,购物,华联超市东波苑, ,2004-01-01,10085.5,5670.308,,1000.0, , ,80
81, ,由由店,严丰路106-108号,良友金伴, ,15016, , , ,58398005, , ,生活服务业,,, , , ,58,良友金伴门店, ,冯智明,104.317,日用百货,0.0,73.0,9,已建,陆家嘴,2000000,451.0,必备业态,便利店,购物,由由店, ,2004-01-01,5414.762,-4483.297,,1000.0, , ,81
82, ,北蔡店,莲安东路250-252号,良友金伴, ,15105, , , ,58443681, , ,生活服务业,,, , , ,59,良友金伴门店, ,张爱君,224.353,日用百货,0.0,157.0,9,已建,三林世博,0000010,452.0,必备业态,便利店,购物,北蔡店, ,2004-01-01,8213.475,-5810.662,,1000.0, , ,82
83, ,德州店,西营路131号,良友金伴, ,15009, , , ,58744637, , ,生活服务业,,, , , ,60,良友金伴门店, ,胡国龙,185.77,日用百货,0.0,130.0,9,已建,三林世博,1000000,453.0,必备业态,便利店,购物,德州店, ,2004-01-01,1075.638,-7437.015,,1000.0, , ,83
84, ,长清店,长青路693弄26号,良友金伴, ,15130, , , ,58428246, , ,生活服务业,,, , , ,61,良友金伴门店, ,成俊,134.326,日用百货,0.0,94.0,8,已建,三林世博,0000010,454.0,必备业态,便利店,购物,长清店, ,2004-01-01,1964.672,-8404.425,,1000.0, , ,84
85, ,杨思南店,灵岩南路801弄2号(灵岩南路上浦路),良友金伴, ,15130, , , ,58327219, , ,生活服务业,,, , , ,62,良友金伴门店, ,周广友,137.184,日用百货,0.0,96.0,9,已建,三林世博,4000030,455.0,必备业态,便利店,购物,杨思南店, ,2004-01-01,14152.31,-2815.819,,1000.0, , ,85
86, ,茂兴店,茂兴路29号,良友金伴, ,15008, , , ,58890014, , ,生活服务业,,, , , ,63,良友金伴门店, ,叶兆麟,115.749,日用百货,0.0,81.0,9,已建,陆家嘴,0000010,456.0,必备业态,便利店,购物,茂兴店, ,2004-01-01,4114.665,-2494.346,,1000.0, , ,86
87, ,昌里东店,昌里东路681号,良友金伴, ,15007, , , ,50860859, , ,生活服务业,,, , , ,64,良友金伴门店, ,吴剑平,94.314,日用百货,0.0,66.0,8,已建,三林世博,1000000,457.0,必备业态,便利店,购物,昌里东店, ,2004-01-01,4382.122,-5836.03,,1000.0, , ,87
88, ,新德店,新德路829号,良友金伴, ,15103, , , ,58371278, , ,生活服务业,,, , , ,65,良友金伴门店, ,饶国华,74.308,日用百货,0.0,52.0,8,已建,川沙,0000010,458.0,必备业态,便利店,购物,新德店, ,2004-01-01,20665.242,-4160.346,,1000.0, , ,88
89, ,南桥店,南桥路997号,良友金伴, ,15103, , , ,58927651, , ,生活服务业,,, , , ,66,良友金伴门店, ,唐玲,82.882,日用百货,0.0,58.0,8,已建,川沙,0000010,459.0,必备业态,便利店,购物,南桥店, ,2004-01-01,21098.283,-5063.423,,1000.0, , ,89
90, ,潍坊二村店,潍坊二村38号,良友金伴, ,15004, , ,乙,58761942, , ,生活服务业,,, , , ,67,良友金伴门店, ,孙依萍,88.598,日用百货,0.0,62.0,9,已建,陆家嘴,5000010,460.0,必备业态,便利店,购物,潍坊二村店, ,2004-01-01,4578.358,-1445.819,,1000.0, , ,90
91, ,栖霞店,栖霞路81号,良友金伴, ,15005, , , ,58761941, , ,生活服务业,,, , , ,68,良友金伴门店, , ,88.598,日用百货,0.0,62.0,8,已建,陆家嘴,1000000,461.0,必备业态,便利店,购物,栖霞店, ,2004-01-01,4343.48,352.137,,1000.0, , ,91
92, ,新川店,新川路760号,良友金伴, ,15103, , , ,58906840, , ,生活服务业,,, , , ,69,良友金伴门店, ,张月妹,61.447,日用百货,0.0,43.0,8,已建,川沙,0000010,462.0,必备业态,便利店,购物,新川店, ,2004-01-01,20982.971,-4691.452,,1000.0, , ,92
93, ,塘桥店,塘桥路211号,良友金伴, ,15008, , , ,50901406, , ,生活服务业,,, , , ,70,良友金伴门店, ,张惠钧,85.74,日用百货,0.0,60.0,8,已建,陆家嘴,0000110,463.0,必备业态,便利店,购物,塘桥店, ,2004-01-01,4236.535,-2485.538,,1000.0, , ,93
94, ,七院店,大同路358号,良友金伴, ,15104, , , ,50402746, , ,生活服务业,,, , , ,71,良友金伴门店, ,施永刚,48.586,日用百货,0.0,34.0,8,已建,外高桥,4000000,464.0,必备业态,便利店,购物,七院店, ,2004-01-01,10138.46,12174.06,,1000.0, , ,94
95, ,杨南店,杨南路689弄711-713号,良友金伴, ,15130, , , ,68321847, , ,生活服务业,,, , , ,72,良友金伴门店, ,叶树海,84.311,日用百货,0.0,59.0,8,已建,三林世博,0000010,465.0,必备业态,便利店,购物,杨南店, ,2004-01-01,2772.042,-9070.212,,1000.0, , ,95
96, ,崂山东店,崂山路42-1号,良友金伴, ,15005, , , ,58404155, , ,生活服务业,,, , , ,73,良友金伴门店, ,张建平,77.166,日用百货,0.0,54.0,8,已建,陆家嘴,2000000,466.0,必备业态,便利店,购物,崂山东店, ,2004-01-01,4220.405,565.56,,1000.0, , ,96
97, ,潍坊五村店,潍坊五村562号,良友金伴, ,15004, , , ,58794922, , ,生活服务业,,, , , ,74,良友金伴门店, ,陈金梅,92.885,日用百货,0.0,65.0,8,已建,陆家嘴,5000010,467.0,必备业态,便利店,购物,潍坊五村店, ,2004-01-01,4900.747,-1350.884,,1000.0, , ,97
98, ,商城一店,商城路1139号,良友金伴, ,15005, , ,101A室,58313509, , ,生活服务业,,, , , ,75,良友金伴门店, ,方琴,54.302,日用百货,0.0,38.0,3,已建,陆家嘴,4000000,468.0,必备业态,便利店,购物,商城一店, ,2004-01-01,4629.699,-337.53,,1000.0, , ,98
99, ,浦东大道店,浦东大道2537号,良友金伴, ,15012, , , ,58509777, , ,生活服务业,,, , , ,76,良友金伴门店, ,罗静,75.737,日用百货,0.0,53.0,9,已建,金桥,2000000,469.0,必备业态,便利店,购物,浦东大道店, ,2004-01-01,8568.934,2874.101,,1000.0, , ,99
100, ,栖霞一店,栖霞路274号,良友金伴, ,15005, , , ,58871438, , ,生活服务业,,, , , ,77,良友金伴门店, ,龚萍,91.456,日用百货,0.0,64.0,8,已建,陆家嘴,1000000,470.0,必备业态,便利店,购物,栖霞一店, ,2004-01-01,4852.298,541.893,,1000.0, , ,100
