"auto_id";"record_id";"dev_id";"account_id";"serv_port";"path";"result"
"1";"1";"423633423";"0";"443";;"<?xml version=""1.0"" encoding=""utf-8""?><_d><_f n=""termtype"">ç§»åŠ¨ç»ˆç«¯(æœªçŸ¥ç±»åž‹)</_f><_f n=""host"">*.ele.me</_f><_f n=""urldata"">*.ele.me</_f><_f n=""url"">*.ele.me</_f><_f n=""urltype"">é¤é¥®</_f><_f n=""DNS"">uxmgnt.ele.me</_f>
</_d>
"
"2";"8";"423633423";"0";"443";;"<?xml version=""1.0"" encoding=""utf-8""?><_d><_f n=""termtype"">ç§»åŠ¨ç»ˆç«¯(æœªçŸ¥ç±»åž‹)</_f><_f n=""host"">*.smzdm.com</_f><_f n=""urldata"">*.smzdm.com</_f><_f n=""url"">*.smzdm.com</_f><_f n=""urltype"">ç”Ÿæ´»èµ„è®¯</_f><_f n=""DNS"">api.smzdm.com</_f>
</_d>
"
"3";"9";"423633423";"0";"443";;"<?xml version=""1.0"" encoding=""utf-8""?><_d><_f n=""termtype"">ç§»åŠ¨ç»ˆç«¯(æœªçŸ¥ç±»åž‹)</_f><_f n=""host"">*.smzdm.com</_f><_f n=""urldata"">*.smzdm.com</_f><_f n=""url"">*.smzdm.com</_f><_f n=""urltype"">ç”Ÿæ´»èµ„è®¯</_f><_f n=""DNS"">api.smzdm.com</_f>
</_d>
"
"4";"10";"423633423";"0";"8009";;"<?xml version=""1.0"" encoding=""utf-8""?><_d><_f n=""termtype"">å¤šç»ˆç«¯(æœªçŸ¥ç±»åž‹)</_f><_f n=""host"">meituan.com</_f><_f n=""urldata"">meituan.com</_f><_f n=""url"">meituan.com</_f><_f n=""urltype"">ç½‘ä¸Šè´­ç‰©</_f></_d>
"
"5";"16";"423633423";"0";"443";;"<?xml version=""1.0"" encoding=""utf-8""?><_d><_f n=""termtype"">ç§»åŠ¨ç»ˆç«¯(æœªçŸ¥ç±»åž‹)</_f><_f n=""host"">baidu.com</_f><_f n=""urldata"">baidu.com</_f><_f n=""url"">baidu.com</_f><_f n=""urltype"">æœç´¢å¼•æ“Ž</_f><_f n=""DNS"">loc.map.baidu.com</_f>
</_d>
"
"6";"18";"423633423";"0";"443";;"<?xml version=""1.0"" encoding=""utf-8""?><_d><_f n=""termtype"">ç§»åŠ¨ç»ˆç«¯(æœªçŸ¥ç±»åž‹)</_f><_f n=""host"">*.tapjoy.com</_f><_f n=""urldata"">*.tapjoy.com</_f><_f n=""url"">*.tapjoy.com</_f><_f n=""urltype"">å…¶ä»–</_f><_f n=""DNS"">connect.tapjoy.com</_f>
</_d>
"
"7";"19";"423633423";"0";"443";;"<?xml version=""1.0"" encoding=""utf-8""?><_d><_f n=""termtype"">ç§»åŠ¨ç»ˆç«¯(æœªçŸ¥ç±»åž‹)</_f><_f n=""host"">configuration.apple.com</_f><_f n=""urldata"">configuration.apple.com</_f><_f n=""url"">configuration.apple.com</_f><_f n=""urltype"">ITç›¸å…³</_f><_f n=""DNS"">e5153.a.akamaiedge.net</_f>
</_d>
"
"8";"20";"423633423";"0";"443";;"<?xml version=""1.0"" encoding=""utf-8""?><_d><_f n=""termtype"">ç§»åŠ¨ç»ˆç«¯(æœªçŸ¥ç±»åž‹)</_f><_f n=""host"">courier.push.apple.com</_f><_f n=""urldata"">courier.push.apple.com</_f><_f n=""url"">courier.push.apple.com</_f><_f n=""urltype"">ITç›¸å…³</_f><_f n=""DNS"">2-courier.push.apple.com</_f>
</_d>
"
"9";"21";"423633423";"0";"443";;"<?xml version=""1.0"" encoding=""utf-8""?><_d><_f n=""termtype"">ç§»åŠ¨ç»ˆç«¯(æœªçŸ¥ç±»åž‹)</_f><_f n=""host"">baidu.com</_f><_f n=""urldata"">baidu.com</_f><_f n=""url"">baidu.com</_f><_f n=""urltype"">æœç´¢å¼•æ“Ž</_f><_f n=""DNS"">loc.map.baidu.com</_f>
</_d>
"
"10";"26";"423633423";"0";"443";;"<?xml version=""1.0"" encoding=""utf-8""?><_d><_f n=""termtype"">ç§»åŠ¨ç»ˆç«¯(æœªçŸ¥ç±»åž‹)</_f><_f n=""host"">buy.itunes.apple.com</_f><_f n=""urldata"">buy.itunes.apple.com</_f><_f n=""url"">buy.itunes.apple.com</_f><_f n=""urltype"">ITç›¸å…³</_f><_f n=""DNS"">p40-buy.itunes.apple.com</_f>
</_d>
"
"11";"27";"423633423";"0";"443";;"<?xml version=""1.0"" encoding=""utf-8""?><_d><_f n=""termtype"">ç§»åŠ¨ç»ˆç«¯(æœªçŸ¥ç±»åž‹)</_f><_f n=""host"">*.chartboost.com</_f><_f n=""urldata"">*.chartboost.com</_f><_f n=""url"">*.chartboost.com</_f><_f n=""urltype"">å…¶ä»–</_f><_f n=""DNS"">live.chartboost.com</_f>
</_d>
"
"12";"28";"423633423";"0";"443";;"<?xml version=""1.0"" encoding=""utf-8""?><_d><_f n=""termtype"">ç§»åŠ¨ç»ˆç«¯(æœªçŸ¥ç±»åž‹)</_f><_f n=""host"">www.unifiedtracking.com</_f><_f n=""urldata"">www.unifiedtracking.com</_f><_f n=""url"">www.unifiedtracking.com</_f><_f n=""urltype"">å…¶ä»–</_f><_f n=""DNS"">api.nanigans.com</_f>
</_d>
"
"13";"31";"423633423";"0";"443";;"<?xml version=""1.0"" encoding=""utf-8""?><_d><_f n=""termtype"">ç§»åŠ¨ç»ˆç«¯(æœªçŸ¥ç±»åž‹)</_f><_f n=""host"">*.ele.me</_f><_f n=""urldata"">*.ele.me</_f><_f n=""url"">*.ele.me</_f><_f n=""urltype"">é¤é¥®</_f><_f n=""DNS"">uxmgnt.ele.me</_f>
</_d>
"
"14";"46";"423633423";"0";"443";;"<?xml version=""1.0"" encoding=""utf-8""?><_d><_f n=""termtype"">ç§»åŠ¨ç»ˆç«¯(æœªçŸ¥ç±»åž‹)</_f><_f n=""host"">data.mistat.xiaomi.com</_f><_f n=""urldata"">data.mistat.xiaomi.com</_f><_f n=""url"">data.mistat.xiaomi.com</_f><_f n=""urltype"">ç½‘ä¸Šè´­ç‰©</_f><_f n=""DNS"">data.mistat.xiaomi.com</_f>
</_d>
"
"15";"48";"423633423";"0";"443";;"<?xml version=""1.0"" encoding=""utf-8""?><_d><_f n=""termtype"">ç§»åŠ¨ç»ˆç«¯(æœªçŸ¥ç±»åž‹)</_f><_f n=""host"">data.mistat.xiaomi.com</_f><_f n=""urldata"">data.mistat.xiaomi.com</_f><_f n=""url"">data.mistat.xiaomi.com</_f><_f n=""urltype"">ç½‘ä¸Šè´­ç‰©</_f><_f n=""DNS"">data.mistat.xiaomi.com</_f>
</_d>
"
"16";"51";"423633423";"0";"443";;"<?xml version=""1.0"" encoding=""utf-8""?><_d><_f n=""termtype"">ç§»åŠ¨ç»ˆç«¯(æœªçŸ¥ç±»åž‹)</_f><_f n=""host"">*.icloud.com</_f><_f n=""urldata"">*.icloud.com</_f><_f n=""url"">*.icloud.com</_f><_f n=""urltype"">ITç›¸å…³</_f><_f n=""DNS"">p39-content-current.edge.icloud</_f>
</_d>
"
"17";"52";"423633423";"0";"443";;"<?xml version=""1.0"" encoding=""utf-8""?><_d><_f n=""termtype"">ç§»åŠ¨ç»ˆç«¯(æœªçŸ¥ç±»åž‹)</_f><_f n=""host"">*.icloud.com</_f><_f n=""urldata"">*.icloud.com</_f><_f n=""url"">*.icloud.com</_f><_f n=""urltype"">ITç›¸å…³</_f><_f n=""DNS"">p35-contacts.icloud.com</_f>
</_d>
"
"18";"56";"423633423";"0";"443";;"<?xml version=""1.0"" encoding=""utf-8""?><_d><_f n=""termtype"">ç§»åŠ¨ç»ˆç«¯(æœªçŸ¥ç±»åž‹)</_f><_f n=""host"">*.icloud.com</_f><_f n=""urldata"">*.icloud.com</_f><_f n=""url"">*.icloud.com</_f><_f n=""urltype"">ITç›¸å…³</_f><_f n=""DNS"">p23-fmip.icloud.com</_f>
</_d>
"
"19";"57";"423633423";"0";"80";;"<?xml version=""1.0"" encoding=""utf-8""?><_d><_f n=""title"">
å“ªäº›äººä¸èƒ½åƒèœ‚èœœæŸ æª¬æ°´
</_f><_f n=""termtype"">ç§»åŠ¨ç»ˆç«¯(IOS)</_f><_f n=""host"">zhidao.baidu.com</_f><_f n=""urldata"">zhidao.baidu.com/question/424878486961570412.html</_f><_f n=""url"">zhidao.baidu.com/question/424878486961570412.html</_f><_f n=""urltype"">æœç´¢å¼•æ“Ž</_f><_f n=""DNS"">kspush.baidu.com</_f>
</_d>
"
"20";"59";"423633423";"0";"80";;"<?xml version=""1.0"" encoding=""utf-8""?><_d><_f n=""title"">ç™¾åº¦çƒ­ç‚¹</_f><_f n=""termtype"">ç§»åŠ¨ç»ˆç«¯(æœªçŸ¥ç±»åž‹)</_f><_f n=""host"">entry.baidu.com</_f><_f n=""urldata"">entry.baidu.com/rp/home?psid=u2421237&amp;pswidth=auto&amp;psheight=114&amp;rsi0=375&amp;rsi1=114&amp;ifrid=BAIDUDSPCPRO_WRAP_u2421237_1464710415074&amp;di=u2421237&amp;title=%E5%93%AA%E4%BA%9B%E4%BA%BA%E4%B8%8D%E8%83%BD%E5%90%83%E8%9C%82%E8%9C%9C%E6%9F%A0%E6%AA%AC%E6%B0%B4&amp;mobile=true&amp;ifr=infr%3A1_cross%3A0_drs%3A1_pcs%3A375x559_pss%3A375x3452_cfv%3A0_cpl%3A0_chi%3A4_cce%3A1_cec%3AUTF8_tlm%3A1464681615_ecd%3A1_adw%3A375x114&amp;t=1464710415075&amp;ltu=http%3A%2F%2Fzhidao.baidu.com%2Fquestion%2F424878486961570412.html&amp;ref=https%3A%2F%2Fm.baidu.com%2Ffrom%3D1012616i%2Fbd_page_type%3D1%2Fssid%3D0%2Fuid%3D0%2Fpu%3Dusm%25403%252Csz%25401320_2001%252Cta%2540iphone_1_9.2_3_601%2Fbaiduid%3DA50592E4652BA9697424D22388BBE355%2Fw%3D0_10_%25E8%259C%2582%25E8%259C%259C%25E6%259F%25A0%25E6%25AA%25AC%25E6%25B0%25B4%2Ft%3Diphone%2Fl%3D1%2Ftc%3Fref%3Dwww_iphone%26lid%3D16282788646431756782%26order%3D6%26waplogo%3D1%26waput%3D7%26fm%3Dwnor%26dict%3D-1%26tj%3Dwww_zhidao_normal_6_0_10_title%26sec%3D12663%26di%3D727f8df8e7c15029%26bdenc%3D1%26tch%3D124.333.108.1225.2.455%26nsrc%3DIlPT2AEptyoA_yixCFOxXnANedT62v3IDBqMMS6LLDivpEmixP4kHREsRC0aNWiCGkb8gTCctRsJuH3j_79k9BR_q_lot7oh6SWhuKC%26eqid%3De1f816010754100010000003574db494%26wd%3D%26clk_info%3D%257B%2522srcid%2522%253A%25221529%2522%252C%2522tplname%2522%253A%2522www_zhidao_normal%2522%252C%2522t%2522%253A1464710374023%252C%2522xpath%2522%253A%2522div-div-div-a-div2%2522%257D&amp;_=</_f><_f n=""url"">entry.baidu.com/rp/home?psid=u2421237&amp;pswidth=auto&amp;psheight=114&amp;rsi0=375&amp;rsi1=114&amp;ifrid=BAIDUDSPCPRO_WRAP_u2421237_1464710415074&amp;di=u2421237&amp;title=å“ªäº›äººä¸èƒ½åƒèœ‚èœœæŸ æª¬æ°´&amp;mobile=true&amp;ifr=infr:1_cross:0_drs:1_pcs:375x559_pss:375x3452_cfv:0_cpl:0_chi:4_cce:1_cec:UTF8_tlm:1464681615_ecd:1_adw:375x114&amp;t=1464710415075&amp;ltu=http://zhidao.baidu.com/question/424878486961570412.html&amp;ref=https://m.baidu.com/from=1012616i/bd_page_type=1/ssid=0/uid=0/pu=usm%403%2Csz%401320_2001%2Cta%40iphone_1_9.2_3_601/baiduid=A50592E4652BA9697424D22388BBE355/w=0_10_%E8%9C%82%E8%9C%9C%E6%9F%A0%E6%AA%AC%E6%B0%B4/t=iphone/l=1/tc?ref=www_iphone&amp;lid=16282788646431756782&amp;order=6&amp;waplogo=1&amp;waput=7&amp;fm=wnor&amp;dict=-1&amp;tj=www_zhidao_normal_6_0_10_title&amp;sec=12663&amp;di=727f8df8e7c15029&amp;bdenc=1&amp;tch=124.333.108.1225.2.455&amp;nsrc=IlPT2AEptyoA_yixCFOxXnANedT62v3IDBqMMS6LLDivpEmixP4kHREsRC0aNWiCGkb8gTCctRsJuH3j_79k9BR_q_lot7oh6SWhuKC&amp;eqid=e1f816010754100010000003574db494&amp;wd=&amp;clk_info=%7B%22srcid%22%3A%221529%22%2C%22tplname%22%3A%22www_zhidao_normal%22%2C%22t%22%3A1464710374023%2C%22xpath%22%3A%22div-div-div-a-div2%22%7D&amp;_=</_f><_f n=""urltype"">æœç´¢å¼•æ“Ž</_f><_f n=""DNS"">www.baidu.com</_f>
</_d>
"
"21";"61";"423633423";"0";"80";;"<?xml version=""1.0"" encoding=""utf-8""?><_d><_f n=""title"">ç™¾åº¦çƒ­ç‚¹</_f><_f n=""termtype"">ç§»åŠ¨ç»ˆç«¯(æœªçŸ¥ç±»åž‹)</_f><_f n=""host"">entry.baidu.com</_f><_f n=""urldata"">entry.baidu.com/rp/home?psid=u2421237&amp;pswidth=auto&amp;psheight=114&amp;rsi0=375&amp;rsi1=114&amp;ifrid=BAIDUDSPCPRO_WRAP_u2421237_1464710417447&amp;di=u2421237&amp;title=%E5%93%AA%E4%BA%9B%E4%BA%BA%E4%B8%8D%E8%83%BD%E5%90%83%E8%9C%82%E8%9C%9C%E6%9F%A0%E6%AA%AC%E6%B0%B4&amp;mobile=true&amp;ifr=infr%3A1_cross%3A0_drs%3A1_pcs%3A375x559_pss%3A375x3568_cfv%3A0_cpl%3A0_chi%3A4_cce%3A1_cec%3AUTF8_tlm%3A1464681617_ecd%3A1_adw%3A375x114&amp;t=1464710417448&amp;ltu=http%3A%2F%2Fzhidao.baidu.com%2Fquestion%2F424878486961570412.html&amp;ref=https%3A%2F%2Fm.baidu.com%2Ffrom%3D1012616i%2Fbd_page_type%3D1%2Fssid%3D0%2Fuid%3D0%2Fpu%3Dusm%25403%252Csz%25401320_2001%252Cta%2540iphone_1_9.2_3_601%2Fbaiduid%3DA50592E4652BA9697424D22388BBE355%2Fw%3D0_10_%25E8%259C%2582%25E8%259C%259C%25E6%259F%25A0%25E6%25AA%25AC%25E6%25B0%25B4%2Ft%3Diphone%2Fl%3D1%2Ftc%3Fref%3Dwww_iphone%26lid%3D16282788646431756782%26order%3D6%26waplogo%3D1%26waput%3D7%26fm%3Dwnor%26dict%3D-1%26tj%3Dwww_zhidao_normal_6_0_10_title%26sec%3D12663%26di%3D727f8df8e7c15029%26bdenc%3D1%26tch%3D124.333.108.1225.2.455%26nsrc%3DIlPT2AEptyoA_yixCFOxXnANedT62v3IDBqMMS6LLDivpEmixP4kHREsRC0aNWiCGkb8gTCctRsJuH3j_79k9BR_q_lot7oh6SWhuKC%26eqid%3De1f816010754100010000003574db494%26wd%3D%26clk_info%3D%257B%2522srcid%2522%253A%25221529%2522%252C%2522tplname%2522%253A%2522www_zhidao_normal%2522%252C%2522t%2522%253A1464710374023%252C%2522xpath%2522%253A%2522div-div-div-a-div2%2522%257D&amp;_=</_f><_f n=""url"">entry.baidu.com/rp/home?psid=u2421237&amp;pswidth=auto&amp;psheight=114&amp;rsi0=375&amp;rsi1=114&amp;ifrid=BAIDUDSPCPRO_WRAP_u2421237_1464710417447&amp;di=u2421237&amp;title=å“ªäº›äººä¸èƒ½åƒèœ‚èœœæŸ æª¬æ°´&amp;mobile=true&amp;ifr=infr:1_cross:0_drs:1_pcs:375x559_pss:375x3568_cfv:0_cpl:0_chi:4_cce:1_cec:UTF8_tlm:1464681617_ecd:1_adw:375x114&amp;t=1464710417448&amp;ltu=http://zhidao.baidu.com/question/424878486961570412.html&amp;ref=https://m.baidu.com/from=1012616i/bd_page_type=1/ssid=0/uid=0/pu=usm%403%2Csz%401320_2001%2Cta%40iphone_1_9.2_3_601/baiduid=A50592E4652BA9697424D22388BBE355/w=0_10_%E8%9C%82%E8%9C%9C%E6%9F%A0%E6%AA%AC%E6%B0%B4/t=iphone/l=1/tc?ref=www_iphone&amp;lid=16282788646431756782&amp;order=6&amp;waplogo=1&amp;waput=7&amp;fm=wnor&amp;dict=-1&amp;tj=www_zhidao_normal_6_0_10_title&amp;sec=12663&amp;di=727f8df8e7c15029&amp;bdenc=1&amp;tch=124.333.108.1225.2.455&amp;nsrc=IlPT2AEptyoA_yixCFOxXnANedT62v3IDBqMMS6LLDivpEmixP4kHREsRC0aNWiCGkb8gTCctRsJuH3j_79k9BR_q_lot7oh6SWhuKC&amp;eqid=e1f816010754100010000003574db494&amp;wd=&amp;clk_info=%7B%22srcid%22%3A%221529%22%2C%22tplname%22%3A%22www_zhidao_normal%22%2C%22t%22%3A1464710374023%2C%22xpath%22%3A%22div-div-div-a-div2%22%7D&amp;_=</_f><_f n=""urltype"">æœç´¢å¼•æ“Ž</_f><_f n=""DNS"">www.baidu.com</_f>
</_d>
"
"22";"62";"423633423";"0";"443";;"<?xml version=""1.0"" encoding=""utf-8""?><_d><_f n=""termtype"">ç§»åŠ¨ç»ˆç«¯(æœªçŸ¥ç±»åž‹)</_f><_f n=""host"">data.mistat.xiaomi.com</_f><_f n=""urldata"">data.mistat.xiaomi.com</_f><_f n=""url"">data.mistat.xiaomi.com</_f><_f n=""urltype"">ç½‘ä¸Šè´­ç‰©</_f><_f n=""DNS"">data.mistat.xiaomi.com</_f>
</_d>
"
"23";"63";"423633423";"0";"443";;"<?xml version=""1.0"" encoding=""utf-8""?><_d><_f n=""termtype"">ç§»åŠ¨ç»ˆç«¯(æœªçŸ¥ç±»åž‹)</_f><_f n=""host"">*.ele.me</_f><_f n=""urldata"">*.ele.me</_f><_f n=""url"">*.ele.me</_f><_f n=""urltype"">é¤é¥®</_f><_f n=""DNS"">uxmgnt.ele.me</_f>
</_d>
"
"24";"64";"423633423";"0";"443";;"<?xml version=""1.0"" encoding=""utf-8""?><_d><_f n=""termtype"">ç§»åŠ¨ç»ˆç«¯(æœªçŸ¥ç±»åž‹)</_f><_f n=""host"">*.hicloud.com</_f><_f n=""urldata"">*.hicloud.com</_f><_f n=""url"">*.hicloud.com</_f><_f n=""urltype"">ITè¡Œä¸š</_f><_f n=""DNS"">weather.hicloud.com</_f>
</_d>
"
"25";"65";"423633423";"0";"443";;"<?xml version=""1.0"" encoding=""utf-8""?><_d><_f n=""termtype"">ç§»åŠ¨ç»ˆç«¯(æœªçŸ¥ç±»åž‹)</_f><_f n=""host"">*.icloud.com</_f><_f n=""urldata"">*.icloud.com</_f><_f n=""url"">*.icloud.com</_f><_f n=""urltype"">ITç›¸å…³</_f><_f n=""DNS"">p18-keyvalueservice.icloud.com</_f>
</_d>
"
"26";"66";"423633423";"0";"443";;"<?xml version=""1.0"" encoding=""utf-8""?><_d><_f n=""termtype"">ç§»åŠ¨ç»ˆç«¯(æœªçŸ¥ç±»åž‹)</_f><_f n=""host"">*.icloud.com</_f><_f n=""urldata"">*.icloud.com</_f><_f n=""url"">*.icloud.com</_f><_f n=""urltype"">ITç›¸å…³</_f><_f n=""DNS"">p16-streams.icloud.com</_f>
</_d>
"
"27";"67";"423633423";"0";"443";;"<?xml version=""1.0"" encoding=""utf-8""?><_d><_f n=""termtype"">ç§»åŠ¨ç»ˆç«¯(æœªçŸ¥ç±»åž‹)</_f><_f n=""host"">*.icloud.com</_f><_f n=""urldata"">*.icloud.com</_f><_f n=""url"">*.icloud.com</_f><_f n=""urltype"">ITç›¸å…³</_f><_f n=""DNS"">p16-streams.icloud.com</_f>
</_d>
"
"28";"68";"423633423";"0";"443";;"<?xml version=""1.0"" encoding=""utf-8""?><_d><_f n=""termtype"">ç§»åŠ¨ç»ˆç«¯(æœªçŸ¥ç±»åž‹)</_f><_f n=""host"">data.mistat.xiaomi.com</_f><_f n=""urldata"">data.mistat.xiaomi.com</_f><_f n=""url"">data.mistat.xiaomi.com</_f><_f n=""urltype"">ç½‘ä¸Šè´­ç‰©</_f><_f n=""DNS"">data.mistat.xiaomi.com</_f>
</_d>
"
"29";"70";"423633423";"0";"443";;"<?xml version=""1.0"" encoding=""utf-8""?><_d><_f n=""termtype"">ç§»åŠ¨ç»ˆç«¯(æœªçŸ¥ç±»åž‹)</_f><_f n=""host"">*.tapjoyads.com</_f><_f n=""urldata"">*.tapjoyads.com</_f><_f n=""url"">*.tapjoyads.com</_f><_f n=""urltype"">å…¶ä»–</_f><_f n=""DNS"">ws.tapjoyads.com</_f>
</_d>
"
"30";"71";"423633423";"0";"443";;"<?xml version=""1.0"" encoding=""utf-8""?><_d><_f n=""termtype"">ç§»åŠ¨ç»ˆç«¯(æœªçŸ¥ç±»åž‹)</_f><_f n=""host"">*.tapjoyads.com</_f><_f n=""urldata"">*.tapjoyads.com</_f><_f n=""url"">*.tapjoyads.com</_f><_f n=""urltype"">å…¶ä»–</_f><_f n=""DNS"">ws.tapjoyads.com</_f>
</_d>
"
"31";"72";"423633423";"0";"443";;"<?xml version=""1.0"" encoding=""utf-8""?><_d><_f n=""termtype"">ç§»åŠ¨ç»ˆç«¯(æœªçŸ¥ç±»åž‹)</_f><_f n=""host"">*.appsflyer.com</_f><_f n=""urldata"">*.appsflyer.com</_f><_f n=""url"">*.appsflyer.com</_f><_f n=""urltype"">å…¶ä»–</_f><_f n=""DNS"">stats.appsflyer.com</_f>
</_d>
"
"32";"73";"423633423";"0";"443";;"<?xml version=""1.0"" encoding=""utf-8""?><_d><_f n=""termtype"">ç§»åŠ¨ç»ˆç«¯(æœªçŸ¥ç±»åž‹)</_f><_f n=""host"">*.appsflyer.com</_f><_f n=""urldata"">*.appsflyer.com</_f><_f n=""url"">*.appsflyer.com</_f><_f n=""urltype"">å…¶ä»–</_f><_f n=""DNS"">stats.appsflyer.com</_f>
</_d>
"
"33";"74";"423633423";"0";"443";;"<?xml version=""1.0"" encoding=""utf-8""?><_d><_f n=""termtype"">ç§»åŠ¨ç»ˆç«¯(æœªçŸ¥ç±»åž‹)</_f><_f n=""host"">*.dianhua.cn</_f><_f n=""urldata"">*.dianhua.cn</_f><_f n=""url"">*.dianhua.cn</_f><_f n=""urltype"">ç”Ÿæ´»èµ„è®¯</_f><_f n=""DNS"">apis-oppo.dianhua.cn</_f>
</_d>
"
"34";"75";"423633423";"0";"80";;"<?xml version=""1.0"" encoding=""utf-8""?><_d><_f n=""title"">ç™¾åº¦çƒ­ç‚¹</_f><_f n=""termtype"">ç§»åŠ¨ç»ˆç«¯(æœªçŸ¥ç±»åž‹)</_f><_f n=""host"">entry.baidu.com</_f><_f n=""urldata"">entry.baidu.com/rp/home?psid=u2421237&amp;pswidth=auto&amp;psheight=114&amp;rsi0=375&amp;rsi1=114&amp;ifrid=BAIDUDSPCPRO_WRAP_u2421237_1464710419814&amp;di=u2421237&amp;title=%E5%93%AA%E4%BA%9B%E4%BA%BA%E4%B8%8D%E8%83%BD%E5%90%83%E8%9C%82%E8%9C%9C%E6%9F%A0%E6%AA%AC%E6%B0%B4&amp;mobile=true&amp;ifr=infr%3A1_cross%3A0_drs%3A1_pcs%3A375x559_pss%3A375x3568_cfv%3A0_cpl%3A0_chi%3A4_cce%3A1_cec%3AUTF8_tlm%3A1464681619_ecd%3A1_adw%3A375x114&amp;t=1464710419817&amp;ltu=http%3A%2F%2Fzhidao.baidu.com%2Fquestion%2F424878486961570412.html&amp;ref=https%3A%2F%2Fm.baidu.com%2Ffrom%3D1012616i%2Fbd_page_type%3D1%2Fssid%3D0%2Fuid%3D0%2Fpu%3Dusm%25403%252Csz%25401320_2001%252Cta%2540iphone_1_9.2_3_601%2Fbaiduid%3DA50592E4652BA9697424D22388BBE355%2Fw%3D0_10_%25E8%259C%2582%25E8%259C%259C%25E6%259F%25A0%25E6%25AA%25AC%25E6%25B0%25B4%2Ft%3Diphone%2Fl%3D1%2Ftc%3Fref%3Dwww_iphone%26lid%3D16282788646431756782%26order%3D6%26waplogo%3D1%26waput%3D7%26fm%3Dwnor%26dict%3D-1%26tj%3Dwww_zhidao_normal_6_0_10_title%26sec%3D12663%26di%3D727f8df8e7c15029%26bdenc%3D1%26tch%3D124.333.108.1225.2.455%26nsrc%3DIlPT2AEptyoA_yixCFOxXnANedT62v3IDBqMMS6LLDivpEmixP4kHREsRC0aNWiCGkb8gTCctRsJuH3j_79k9BR_q_lot7oh6SWhuKC%26eqid%3De1f816010754100010000003574db494%26wd%3D%26clk_info%3D%257B%2522srcid%2522%253A%25221529%2522%252C%2522tplname%2522%253A%2522www_zhidao_normal%2522%252C%2522t%2522%253A1464710374023%252C%2522xpath%2522%253A%2522div-div-div-a-div2%2522%257D&amp;_=</_f><_f n=""url"">entry.baidu.com/rp/home?psid=u2421237&amp;pswidth=auto&amp;psheight=114&amp;rsi0=375&amp;rsi1=114&amp;ifrid=BAIDUDSPCPRO_WRAP_u2421237_1464710419814&amp;di=u2421237&amp;title=å“ªäº›äººä¸èƒ½åƒèœ‚èœœæŸ æª¬æ°´&amp;mobile=true&amp;ifr=infr:1_cross:0_drs:1_pcs:375x559_pss:375x3568_cfv:0_cpl:0_chi:4_cce:1_cec:UTF8_tlm:1464681619_ecd:1_adw:375x114&amp;t=1464710419817&amp;ltu=http://zhidao.baidu.com/question/424878486961570412.html&amp;ref=https://m.baidu.com/from=1012616i/bd_page_type=1/ssid=0/uid=0/pu=usm%403%2Csz%401320_2001%2Cta%40iphone_1_9.2_3_601/baiduid=A50592E4652BA9697424D22388BBE355/w=0_10_%E8%9C%82%E8%9C%9C%E6%9F%A0%E6%AA%AC%E6%B0%B4/t=iphone/l=1/tc?ref=www_iphone&amp;lid=16282788646431756782&amp;order=6&amp;waplogo=1&amp;waput=7&amp;fm=wnor&amp;dict=-1&amp;tj=www_zhidao_normal_6_0_10_title&amp;sec=12663&amp;di=727f8df8e7c15029&amp;bdenc=1&amp;tch=124.333.108.1225.2.455&amp;nsrc=IlPT2AEptyoA_yixCFOxXnANedT62v3IDBqMMS6LLDivpEmixP4kHREsRC0aNWiCGkb8gTCctRsJuH3j_79k9BR_q_lot7oh6SWhuKC&amp;eqid=e1f816010754100010000003574db494&amp;wd=&amp;clk_info=%7B%22srcid%22%3A%221529%22%2C%22tplname%22%3A%22www_zhidao_normal%22%2C%22t%22%3A1464710374023%2C%22xpath%22%3A%22div-div-div-a-div2%22%7D&amp;_=</_f><_f n=""urltype"">æœç´¢å¼•æ“Ž</_f><_f n=""DNS"">www.baidu.com</_f>
</_d>
"
"35";"79";"423633423";"0";"7534";;"<?xml version=""1.0"" encoding=""utf-8""?><_d><_f n=""termtype"">å¤šç»ˆç«¯(æœªçŸ¥ç±»åž‹)</_f><_f n=""host"">iqiyi</_f><_f n=""urldata"">iqiyi</_f><_f n=""url"">iqiyi</_f><_f n=""urltype"">å…¶ä»–</_f></_d>
"
"36";"81";"423633423";"0";"443";;"<?xml version=""1.0"" encoding=""utf-8""?><_d><_f n=""termtype"">ç§»åŠ¨ç»ˆç«¯(æœªçŸ¥ç±»åž‹)</_f><_f n=""host"">data.mistat.xiaomi.com</_f><_f n=""urldata"">data.mistat.xiaomi.com</_f><_f n=""url"">data.mistat.xiaomi.com</_f><_f n=""urltype"">ç½‘ä¸Šè´­ç‰©</_f><_f n=""DNS"">data.mistat.xiaomi.com</_f>
</_d>
"
"37";"83";"423633423";"0";"80";;"<?xml version=""1.0"" encoding=""utf-8""?><_d><_f n=""title"">ç™¾åº¦çƒ­ç‚¹</_f><_f n=""termtype"">ç§»åŠ¨ç»ˆç«¯(æœªçŸ¥ç±»åž‹)</_f><_f n=""host"">entry.baidu.com</_f><_f n=""urldata"">entry.baidu.com/rp/home?psid=u2421237&amp;pswidth=auto&amp;psheight=114&amp;rsi0=375&amp;rsi1=114&amp;ifrid=BAIDUDSPCPRO_WRAP_u2421237_1464710421754&amp;di=u2421237&amp;title=%E5%93%AA%E4%BA%9B%E4%BA%BA%E4%B8%8D%E8%83%BD%E5%90%83%E8%9C%82%E8%9C%9C%E6%9F%A0%E6%AA%AC%E6%B0%B4&amp;mobile=true&amp;ifr=infr%3A1_cross%3A0_drs%3A1_pcs%3A375x559_pss%3A375x3568_cfv%3A0_cpl%3A0_chi%3A4_cce%3A1_cec%3AUTF8_tlm%3A1464681621_ecd%3A1_adw%3A375x114&amp;t=1464710421756&amp;ltu=http%3A%2F%2Fzhidao.baidu.com%2Fquestion%2F424878486961570412.html&amp;ref=https%3A%2F%2Fm.baidu.com%2Ffrom%3D1012616i%2Fbd_page_type%3D1%2Fssid%3D0%2Fuid%3D0%2Fpu%3Dusm%25403%252Csz%25401320_2001%252Cta%2540iphone_1_9.2_3_601%2Fbaiduid%3DA50592E4652BA9697424D22388BBE355%2Fw%3D0_10_%25E8%259C%2582%25E8%259C%259C%25E6%259F%25A0%25E6%25AA%25AC%25E6%25B0%25B4%2Ft%3Diphone%2Fl%3D1%2Ftc%3Fref%3Dwww_iphone%26lid%3D16282788646431756782%26order%3D6%26waplogo%3D1%26waput%3D7%26fm%3Dwnor%26dict%3D-1%26tj%3Dwww_zhidao_normal_6_0_10_title%26sec%3D12663%26di%3D727f8df8e7c15029%26bdenc%3D1%26tch%3D124.333.108.1225.2.455%26nsrc%3DIlPT2AEptyoA_yixCFOxXnANedT62v3IDBqMMS6LLDivpEmixP4kHREsRC0aNWiCGkb8gTCctRsJuH3j_79k9BR_q_lot7oh6SWhuKC%26eqid%3De1f816010754100010000003574db494%26wd%3D%26clk_info%3D%257B%2522srcid%2522%253A%25221529%2522%252C%2522tplname%2522%253A%2522www_zhidao_normal%2522%252C%2522t%2522%253A1464710374023%252C%2522xpath%2522%253A%2522div-div-div-a-div2%2522%257D&amp;_=</_f><_f n=""url"">entry.baidu.com/rp/home?psid=u2421237&amp;pswidth=auto&amp;psheight=114&amp;rsi0=375&amp;rsi1=114&amp;ifrid=BAIDUDSPCPRO_WRAP_u2421237_1464710421754&amp;di=u2421237&amp;title=å“ªäº›äººä¸èƒ½åƒèœ‚èœœæŸ æª¬æ°´&amp;mobile=true&amp;ifr=infr:1_cross:0_drs:1_pcs:375x559_pss:375x3568_cfv:0_cpl:0_chi:4_cce:1_cec:UTF8_tlm:1464681621_ecd:1_adw:375x114&amp;t=1464710421756&amp;ltu=http://zhidao.baidu.com/question/424878486961570412.html&amp;ref=https://m.baidu.com/from=1012616i/bd_page_type=1/ssid=0/uid=0/pu=usm%403%2Csz%401320_2001%2Cta%40iphone_1_9.2_3_601/baiduid=A50592E4652BA9697424D22388BBE355/w=0_10_%E8%9C%82%E8%9C%9C%E6%9F%A0%E6%AA%AC%E6%B0%B4/t=iphone/l=1/tc?ref=www_iphone&amp;lid=16282788646431756782&amp;order=6&amp;waplogo=1&amp;waput=7&amp;fm=wnor&amp;dict=-1&amp;tj=www_zhidao_normal_6_0_10_title&amp;sec=12663&amp;di=727f8df8e7c15029&amp;bdenc=1&amp;tch=124.333.108.1225.2.455&amp;nsrc=IlPT2AEptyoA_yixCFOxXnANedT62v3IDBqMMS6LLDivpEmixP4kHREsRC0aNWiCGkb8gTCctRsJuH3j_79k9BR_q_lot7oh6SWhuKC&amp;eqid=e1f816010754100010000003574db494&amp;wd=&amp;clk_info=%7B%22srcid%22%3A%221529%22%2C%22tplname%22%3A%22www_zhidao_normal%22%2C%22t%22%3A1464710374023%2C%22xpath%22%3A%22div-div-div-a-div2%22%7D&amp;_=</_f><_f n=""urltype"">æœç´¢å¼•æ“Ž</_f><_f n=""DNS"">www.baidu.com</_f>
</_d>
"
"38";"84";"423633423";"0";"443";;"<?xml version=""1.0"" encoding=""utf-8""?><_d><_f n=""termtype"">ç§»åŠ¨ç»ˆç«¯(æœªçŸ¥ç±»åž‹)</_f><_f n=""host"">itunes.apple.com</_f><_f n=""urldata"">itunes.apple.com</_f><_f n=""url"">itunes.apple.com</_f><_f n=""urltype"">ITç›¸å…³</_f><_f n=""DNS"">init.itunes.apple.com</_f>
</_d>
"
"39";"85";"423633423";"0";"443";;"<?xml version=""1.0"" encoding=""utf-8""?><_d><_f n=""termtype"">ç§»åŠ¨ç»ˆç«¯(æœªçŸ¥ç±»åž‹)</_f><_f n=""host"">gsp10-ssl.apple.com</_f><_f n=""urldata"">gsp10-ssl.apple.com</_f><_f n=""url"">gsp10-ssl.apple.com</_f><_f n=""urltype"">ITç›¸å…³</_f><_f n=""DNS"">gsp10-ssl.apple.com</_f>
</_d>
"
"40";"86";"423633423";"0";"443";;"<?xml version=""1.0"" encoding=""utf-8""?><_d><_f n=""termtype"">ç§»åŠ¨ç»ˆç«¯(æœªçŸ¥ç±»åž‹)</_f><_f n=""host"">itunes.apple.com</_f><_f n=""urldata"">itunes.apple.com</_f><_f n=""url"">itunes.apple.com</_f><_f n=""urltype"">ITç›¸å…³</_f><_f n=""DNS"">init.itunes.apple.com</_f>
</_d>
"
"41";"87";"423633423";"0";"443";;"<?xml version=""1.0"" encoding=""utf-8""?><_d><_f n=""termtype"">ç§»åŠ¨ç»ˆç«¯(æœªçŸ¥ç±»åž‹)</_f><_f n=""host"">itunes.apple.com</_f><_f n=""urldata"">itunes.apple.com</_f><_f n=""url"">itunes.apple.com</_f><_f n=""urltype"">ITç›¸å…³</_f><_f n=""DNS"">play.itunes.apple.com</_f>
</_d>
"
"42";"88";"423633423";"0";"443";;"<?xml version=""1.0"" encoding=""utf-8""?><_d><_f n=""termtype"">ç§»åŠ¨ç»ˆç«¯(æœªçŸ¥ç±»åž‹)</_f><_f n=""host"">gsp10-ssl.apple.com</_f><_f n=""urldata"">gsp10-ssl.apple.com</_f><_f n=""url"">gsp10-ssl.apple.com</_f><_f n=""urltype"">ITç›¸å…³</_f><_f n=""DNS"">gsp10-ssl.apple.com</_f>
</_d>
"
"43";"89";"423633423";"0";"443";;"<?xml version=""1.0"" encoding=""utf-8""?><_d><_f n=""termtype"">ç§»åŠ¨ç»ˆç«¯(æœªçŸ¥ç±»åž‹)</_f><_f n=""host"">gsp10-ssl.apple.com</_f><_f n=""urldata"">gsp10-ssl.apple.com</_f><_f n=""url"">gsp10-ssl.apple.com</_f><_f n=""urltype"">ITç›¸å…³</_f><_f n=""DNS"">gsp10-ssl.apple.com</_f>
</_d>
"
"44";"90";"423633423";"0";"443";;"<?xml version=""1.0"" encoding=""utf-8""?><_d><_f n=""termtype"">ç§»åŠ¨ç»ˆç«¯(æœªçŸ¥ç±»åž‹)</_f><_f n=""host"">gsp10-ssl.apple.com</_f><_f n=""urldata"">gsp10-ssl.apple.com</_f><_f n=""url"">gsp10-ssl.apple.com</_f><_f n=""urltype"">ITç›¸å…³</_f><_f n=""DNS"">gsp10-ssl.apple.com</_f>
</_d>
"
"45";"91";"423633423";"0";"443";;"<?xml version=""1.0"" encoding=""utf-8""?><_d><_f n=""termtype"">ç§»åŠ¨ç»ˆç«¯(æœªçŸ¥ç±»åž‹)</_f><_f n=""host"">gsp10-ssl.apple.com</_f><_f n=""urldata"">gsp10-ssl.apple.com</_f><_f n=""url"">gsp10-ssl.apple.com</_f><_f n=""urltype"">ITç›¸å…³</_f><_f n=""DNS"">gsp10-ssl.apple.com</_f>
</_d>
"
"46";"92";"423633423";"0";"443";;"<?xml version=""1.0"" encoding=""utf-8""?><_d><_f n=""termtype"">ç§»åŠ¨ç»ˆç«¯(æœªçŸ¥ç±»åž‹)</_f><_f n=""host"">*.icloud.com</_f><_f n=""urldata"">*.icloud.com</_f><_f n=""url"">*.icloud.com</_f><_f n=""urltype"">ITç›¸å…³</_f><_f n=""DNS"">p18-keyvalueservice.icloud.com</_f>
</_d>
"
"47";"93";"423633423";"0";"80";;"<?xml version=""1.0"" encoding=""utf-8""?><_d><_f n=""title"">ç™¾åº¦çƒ­ç‚¹</_f><_f n=""termtype"">ç§»åŠ¨ç»ˆç«¯(æœªçŸ¥ç±»åž‹)</_f><_f n=""host"">entry.baidu.com</_f><_f n=""urldata"">entry.baidu.com/rp/home?psid=u2421237&amp;pswidth=auto&amp;psheight=114&amp;rsi0=375&amp;rsi1=114&amp;ifrid=BAIDUDSPCPRO_WRAP_u2421237_1464710423797&amp;di=u2421237&amp;title=%E5%93%AA%E4%BA%9B%E4%BA%BA%E4%B8%8D%E8%83%BD%E5%90%83%E8%9C%82%E8%9C%9C%E6%9F%A0%E6%AA%AC%E6%B0%B4&amp;mobile=true&amp;ifr=infr%3A1_cross%3A0_drs%3A1_pcs%3A375x559_pss%3A375x3452_cfv%3A0_cpl%3A0_chi%3A4_cce%3A1_cec%3AUTF8_tlm%3A1464681623_ecd%3A1_adw%3A375x114&amp;t=1464710423800&amp;ltu=http%3A%2F%2Fzhidao.baidu.com%2Fquestion%2F424878486961570412.html&amp;ref=https%3A%2F%2Fm.baidu.com%2Ffrom%3D1012616i%2Fbd_page_type%3D1%2Fssid%3D0%2Fuid%3D0%2Fpu%3Dusm%25403%252Csz%25401320_2001%252Cta%2540iphone_1_9.2_3_601%2Fbaiduid%3DA50592E4652BA9697424D22388BBE355%2Fw%3D0_10_%25E8%259C%2582%25E8%259C%259C%25E6%259F%25A0%25E6%25AA%25AC%25E6%25B0%25B4%2Ft%3Diphone%2Fl%3D1%2Ftc%3Fref%3Dwww_iphone%26lid%3D16282788646431756782%26order%3D6%26waplogo%3D1%26waput%3D7%26fm%3Dwnor%26dict%3D-1%26tj%3Dwww_zhidao_normal_6_0_10_title%26sec%3D12663%26di%3D727f8df8e7c15029%26bdenc%3D1%26tch%3D124.333.108.1225.2.455%26nsrc%3DIlPT2AEptyoA_yixCFOxXnANedT62v3IDBqMMS6LLDivpEmixP4kHREsRC0aNWiCGkb8gTCctRsJuH3j_79k9BR_q_lot7oh6SWhuKC%26eqid%3De1f816010754100010000003574db494%26wd%3D%26clk_info%3D%257B%2522srcid%2522%253A%25221529%2522%252C%2522tplname%2522%253A%2522www_zhidao_normal%2522%252C%2522t%2522%253A1464710374023%252C%2522xpath%2522%253A%2522div-div-div-a-div2%2522%257D&amp;_=</_f><_f n=""url"">entry.baidu.com/rp/home?psid=u2421237&amp;pswidth=auto&amp;psheight=114&amp;rsi0=375&amp;rsi1=114&amp;ifrid=BAIDUDSPCPRO_WRAP_u2421237_1464710423797&amp;di=u2421237&amp;title=å“ªäº›äººä¸èƒ½åƒèœ‚èœœæŸ æª¬æ°´&amp;mobile=true&amp;ifr=infr:1_cross:0_drs:1_pcs:375x559_pss:375x3452_cfv:0_cpl:0_chi:4_cce:1_cec:UTF8_tlm:1464681623_ecd:1_adw:375x114&amp;t=1464710423800&amp;ltu=http://zhidao.baidu.com/question/424878486961570412.html&amp;ref=https://m.baidu.com/from=1012616i/bd_page_type=1/ssid=0/uid=0/pu=usm%403%2Csz%401320_2001%2Cta%40iphone_1_9.2_3_601/baiduid=A50592E4652BA9697424D22388BBE355/w=0_10_%E8%9C%82%E8%9C%9C%E6%9F%A0%E6%AA%AC%E6%B0%B4/t=iphone/l=1/tc?ref=www_iphone&amp;lid=16282788646431756782&amp;order=6&amp;waplogo=1&amp;waput=7&amp;fm=wnor&amp;dict=-1&amp;tj=www_zhidao_normal_6_0_10_title&amp;sec=12663&amp;di=727f8df8e7c15029&amp;bdenc=1&amp;tch=124.333.108.1225.2.455&amp;nsrc=IlPT2AEptyoA_yixCFOxXnANedT62v3IDBqMMS6LLDivpEmixP4kHREsRC0aNWiCGkb8gTCctRsJuH3j_79k9BR_q_lot7oh6SWhuKC&amp;eqid=e1f816010754100010000003574db494&amp;wd=&amp;clk_info=%7B%22srcid%22%3A%221529%22%2C%22tplname%22%3A%22www_zhidao_normal%22%2C%22t%22%3A1464710374023%2C%22xpath%22%3A%22div-div-div-a-div2%22%7D&amp;_=</_f><_f n=""urltype"">æœç´¢å¼•æ“Ž</_f><_f n=""DNS"">www.baidu.com</_f>
</_d>
"
"48";"95";"423633423";"0";"443";;"<?xml version=""1.0"" encoding=""utf-8""?><_d><_f n=""termtype"">ç§»åŠ¨ç»ˆç«¯(æœªçŸ¥ç±»åž‹)</_f><_f n=""host"">mzuserxp.itunes.apple.com</_f><_f n=""urldata"">mzuserxp.itunes.apple.com</_f><_f n=""url"">mzuserxp.itunes.apple.com</_f><_f n=""urltype"">ITç›¸å…³</_f><_f n=""DNS"">xp.apple.com</_f>
</_d>
"
"49";"96";"423633423";"0";"80";;"<?xml version=""1.0"" encoding=""utf-8""?><_d><_f n=""title"">302 Found</_f><_f n=""termtype"">ç§»åŠ¨ç»ˆç«¯(IOS)</_f><_f n=""host"">zhidao.baidu.com</_f><_f n=""urldata"">zhidao.baidu.com/question/424878486961570412.html</_f><_f n=""url"">zhidao.baidu.com/question/424878486961570412.html</_f><_f n=""urltype"">æœç´¢å¼•æ“Ž</_f><_f n=""DNS"">kspush.baidu.com</_f>
</_d>
"
"50";"97";"423633423";"0";"443";;"<?xml version=""1.0"" encoding=""utf-8""?><_d><_f n=""termtype"">ç§»åŠ¨ç»ˆç«¯(æœªçŸ¥ç±»åž‹)</_f><_f n=""host"">gsp10-ssl.apple.com</_f><_f n=""urldata"">gsp10-ssl.apple.com</_f><_f n=""url"">gsp10-ssl.apple.com</_f><_f n=""urltype"">ITç›¸å…³</_f><_f n=""DNS"">gsp10-ssl.apple.com</_f>
</_d>
"
"51";"98";"423633423";"0";"443";;"<?xml version=""1.0"" encoding=""utf-8""?><_d><_f n=""termtype"">ç§»åŠ¨ç»ˆç«¯(æœªçŸ¥ç±»åž‹)</_f><_f n=""host"">gsp10-ssl.apple.com</_f><_f n=""urldata"">gsp10-ssl.apple.com</_f><_f n=""url"">gsp10-ssl.apple.com</_f><_f n=""urltype"">ITç›¸å…³</_f><_f n=""DNS"">gsp10-ssl.apple.com</_f>
</_d>
"
"52";"99";"423633423";"0";"80";;"<?xml version=""1.0"" encoding=""utf-8""?><_d><_f n=""title"">301 Moved Permanently</_f><_f n=""termtype"">ç§»åŠ¨ç»ˆç«¯(IOS)</_f><_f n=""host"">conf.appwill.com</_f><_f n=""urldata"">conf.appwill.com/conf?app=9P_RetinaWallpapers&amp;v=5.5&amp;lang=zh-Hans-CN&amp;jb=0&amp;as=0&amp;mobclix=0&amp;deviceid=replaceudid&amp;macaddr=&amp;idv=3B3A379D-C2DF-4288-A4F3-723FAE059C27&amp;idvs=&amp;ida=7EE907EC-94E7-442E-9C55-FDAEFD49FF55&amp;phonetype=iphone&amp;model=iphone7%2C1&amp;osn=iPhone%20OS&amp;osv=9.3.1&amp;tz=8</_f><_f n=""url"">conf.appwill.com/conf?app=9P_RetinaWallpapers&amp;v=5.5&amp;lang=zh-Hans-CN&amp;jb=0&amp;as=0&amp;mobclix=0&amp;deviceid=replaceudid&amp;macaddr=&amp;idv=3B3A379D-C2DF-4288-A4F3-723FAE059C27&amp;idvs=&amp;ida=7EE907EC-94E7-442E-9C55-FDAEFD49FF55&amp;phonetype=iphone&amp;model=iphone7,1&amp;osn=iPhone OS&amp;osv=9.3.1&amp;tz=8</_f><_f n=""urltype"">å…¶ä»–</_f><_f n=""DNS"">conf.appwill.com</_f>
</_d>
"
"53";"100";"423633423";"0";"443";;"<?xml version=""1.0"" encoding=""utf-8""?><_d><_f n=""termtype"">ç§»åŠ¨ç»ˆç«¯(æœªçŸ¥ç±»åž‹)</_f><_f n=""host"">conf.appwill.com</_f><_f n=""urldata"">conf.appwill.com</_f><_f n=""url"">conf.appwill.com</_f><_f n=""urltype"">å…¶ä»–</_f><_f n=""DNS"">conf.appwill.com</_f>
</_d>
"
"54";"101";"423633423";"0";"443";;"<?xml version=""1.0"" encoding=""utf-8""?><_d><_f n=""termtype"">ç§»åŠ¨ç»ˆç«¯(æœªçŸ¥ç±»åž‹)</_f><_f n=""host"">gsp10-ssl.apple.com</_f><_f n=""urldata"">gsp10-ssl.apple.com</_f><_f n=""url"">gsp10-ssl.apple.com</_f><_f n=""urltype"">ITç›¸å…³</_f><_f n=""DNS"">gsp10-ssl.apple.com</_f>
</_d>
"
"55";"102";"423633423";"0";"443";;"<?xml version=""1.0"" encoding=""utf-8""?><_d><_f n=""termtype"">ç§»åŠ¨ç»ˆç«¯(æœªçŸ¥ç±»åž‹)</_f><_f n=""host"">gsp10-ssl.apple.com</_f><_f n=""urldata"">gsp10-ssl.apple.com</_f><_f n=""url"">gsp10-ssl.apple.com</_f><_f n=""urltype"">ITç›¸å…³</_f><_f n=""DNS"">gsp10-ssl.apple.com</_f>
</_d>
"
"56";"103";"423633423";"0";"80";;"<?xml version=""1.0"" encoding=""utf-8""?><_d><_f n=""termtype"">ç§»åŠ¨ç»ˆç«¯(IOS)</_f><_f n=""host"">cert.int-x3.letsencrypt.org</_f><_f n=""urldata"">cert.int-x3.letsencrypt.org/</_f><_f n=""url"">cert.int-x3.letsencrypt.org/</_f><_f n=""urltype"">å…¶ä»–</_f><_f n=""DNS"">aia.entrust.net</_f>
</_d>
"
"57";"104";"423633423";"0";"443";;"<?xml version=""1.0"" encoding=""utf-8""?><_d><_f n=""termtype"">ç§»åŠ¨ç»ˆç«¯(æœªçŸ¥ç±»åž‹)</_f><_f n=""host"">gsp10-ssl.apple.com</_f><_f n=""urldata"">gsp10-ssl.apple.com</_f><_f n=""url"">gsp10-ssl.apple.com</_f><_f n=""urltype"">ITç›¸å…³</_f><_f n=""DNS"">gsp10-ssl.apple.com</_f>
</_d>
"
"58";"105";"423633423";"0";"443";;"<?xml version=""1.0"" encoding=""utf-8""?><_d><_f n=""termtype"">ç§»åŠ¨ç»ˆç«¯(æœªçŸ¥ç±»åž‹)</_f><_f n=""host"">*.crashlytics.com</_f><_f n=""urldata"">*.crashlytics.com</_f><_f n=""url"">*.crashlytics.com</_f><_f n=""urltype"">å…¶ä»–</_f><_f n=""DNS"">settings.crashlytics.com</_f>
</_d>
"
"59";"106";"423633423";"0";"443";;"<?xml version=""1.0"" encoding=""utf-8""?><_d><_f n=""termtype"">ç§»åŠ¨ç»ˆç«¯(æœªçŸ¥ç±»åž‹)</_f><_f n=""host"">gsp10-ssl.apple.com</_f><_f n=""urldata"">gsp10-ssl.apple.com</_f><_f n=""url"">gsp10-ssl.apple.com</_f><_f n=""urltype"">ITç›¸å…³</_f><_f n=""DNS"">gsp10-ssl.apple.com</_f>
</_d>
"
"60";"108";"423633423";"0";"443";;"<?xml version=""1.0"" encoding=""utf-8""?><_d><_f n=""termtype"">ç§»åŠ¨ç»ˆç«¯(æœªçŸ¥ç±»åž‹)</_f><_f n=""host"">*.crashlytics.com</_f><_f n=""urldata"">*.crashlytics.com</_f><_f n=""url"">*.crashlytics.com</_f><_f n=""urltype"">å…¶ä»–</_f><_f n=""DNS"">e.crashlytics.com</_f>
</_d>
"
"61";"109";"423633423";"0";"443";;"<?xml version=""1.0"" encoding=""utf-8""?><_d><_f n=""termtype"">ç§»åŠ¨ç»ˆç«¯(æœªçŸ¥ç±»åž‹)</_f><_f n=""host"">gsp10-ssl.apple.com</_f><_f n=""urldata"">gsp10-ssl.apple.com</_f><_f n=""url"">gsp10-ssl.apple.com</_f><_f n=""urltype"">ITç›¸å…³</_f><_f n=""DNS"">gsp10-ssl.apple.com</_f>
</_d>
"
"62";"110";"423633423";"0";"443";;"<?xml version=""1.0"" encoding=""utf-8""?><_d><_f n=""termtype"">ç§»åŠ¨ç»ˆç«¯(æœªçŸ¥ç±»åž‹)</_f><_f n=""host"">gsp10-ssl.apple.com</_f><_f n=""urldata"">gsp10-ssl.apple.com</_f><_f n=""url"">gsp10-ssl.apple.com</_f><_f n=""urltype"">ITç›¸å…³</_f><_f n=""DNS"">gsp10-ssl.apple.com</_f>
</_d>
"
"63";"111";"423633423";"0";"80";;"<?xml version=""1.0"" encoding=""utf-8""?><_d><_f n=""title"">ç™¾åº¦çƒ­ç‚¹</_f><_f n=""termtype"">ç§»åŠ¨ç»ˆç«¯(æœªçŸ¥ç±»åž‹)</_f><_f n=""host"">entry.baidu.com</_f><_f n=""urldata"">entry.baidu.com/rp/home?psid=u2421237&amp;pswidth=auto&amp;psheight=114&amp;rsi0=375&amp;rsi1=114&amp;ifrid=BAIDUDSPCPRO_WRAP_u2421237_1464710426728&amp;di=u2421237&amp;title=%E5%93%AA%E4%BA%9B%E4%BA%BA%E4%B8%8D%E8%83%BD%E5%90%83%E8%9C%82%E8%9C%9C%E6%9F%A0%E6%AA%AC%E6%B0%B4&amp;mobile=true&amp;ifr=infr%3A1_cross%3A0_drs%3A1_pcs%3A375x559_pss%3A375x3452_cfv%3A0_cpl%3A0_chi%3A4_cce%3A1_cec%3AUTF8_tlm%3A1464681626_ecd%3A1_adw%3A375x114&amp;t=1464710426730&amp;ltu=http%3A%2F%2Fzhidao.baidu.com%2Fquestion%2F424878486961570412.html&amp;ref=https%3A%2F%2Fm.baidu.com%2Ffrom%3D1012616i%2Fbd_page_type%3D1%2Fssid%3D0%2Fuid%3D0%2Fpu%3Dusm%25403%252Csz%25401320_2001%252Cta%2540iphone_1_9.2_3_601%2Fbaiduid%3DA50592E4652BA9697424D22388BBE355%2Fw%3D0_10_%25E8%259C%2582%25E8%259C%259C%25E6%259F%25A0%25E6%25AA%25AC%25E6%25B0%25B4%2Ft%3Diphone%2Fl%3D1%2Ftc%3Fref%3Dwww_iphone%26lid%3D16282788646431756782%26order%3D6%26waplogo%3D1%26waput%3D7%26fm%3Dwnor%26dict%3D-1%26tj%3Dwww_zhidao_normal_6_0_10_title%26sec%3D12663%26di%3D727f8df8e7c15029%26bdenc%3D1%26tch%3D124.333.108.1225.2.455%26nsrc%3DIlPT2AEptyoA_yixCFOxXnANedT62v3IDBqMMS6LLDivpEmixP4kHREsRC0aNWiCGkb8gTCctRsJuH3j_79k9BR_q_lot7oh6SWhuKC%26eqid%3De1f816010754100010000003574db494%26wd%3D%26clk_info%3D%257B%2522srcid%2522%253A%25221529%2522%252C%2522tplname%2522%253A%2522www_zhidao_normal%2522%252C%2522t%2522%253A1464710374023%252C%2522xpath%2522%253A%2522div-div-div-a-div2%2522%257D&amp;_=</_f><_f n=""url"">entry.baidu.com/rp/home?psid=u2421237&amp;pswidth=auto&amp;psheight=114&amp;rsi0=375&amp;rsi1=114&amp;ifrid=BAIDUDSPCPRO_WRAP_u2421237_1464710426728&amp;di=u2421237&amp;title=å“ªäº›äººä¸èƒ½åƒèœ‚èœœæŸ æª¬æ°´&amp;mobile=true&amp;ifr=infr:1_cross:0_drs:1_pcs:375x559_pss:375x3452_cfv:0_cpl:0_chi:4_cce:1_cec:UTF8_tlm:1464681626_ecd:1_adw:375x114&amp;t=1464710426730&amp;ltu=http://zhidao.baidu.com/question/424878486961570412.html&amp;ref=https://m.baidu.com/from=1012616i/bd_page_type=1/ssid=0/uid=0/pu=usm%403%2Csz%401320_2001%2Cta%40iphone_1_9.2_3_601/baiduid=A50592E4652BA9697424D22388BBE355/w=0_10_%E8%9C%82%E8%9C%9C%E6%9F%A0%E6%AA%AC%E6%B0%B4/t=iphone/l=1/tc?ref=www_iphone&amp;lid=16282788646431756782&amp;order=6&amp;waplogo=1&amp;waput=7&amp;fm=wnor&amp;dict=-1&amp;tj=www_zhidao_normal_6_0_10_title&amp;sec=12663&amp;di=727f8df8e7c15029&amp;bdenc=1&amp;tch=124.333.108.1225.2.455&amp;nsrc=IlPT2AEptyoA_yixCFOxXnANedT62v3IDBqMMS6LLDivpEmixP4kHREsRC0aNWiCGkb8gTCctRsJuH3j_79k9BR_q_lot7oh6SWhuKC&amp;eqid=e1f816010754100010000003574db494&amp;wd=&amp;clk_info=%7B%22srcid%22%3A%221529%22%2C%22tplname%22%3A%22www_zhidao_normal%22%2C%22t%22%3A1464710374023%2C%22xpath%22%3A%22div-div-div-a-div2%22%7D&amp;_=</_f><_f n=""urltype"">æœç´¢å¼•æ“Ž</_f><_f n=""DNS"">www.baidu.com</_f>
</_d>
"
"64";"112";"423633423";"0";"8009";;"<?xml version=""1.0"" encoding=""utf-8""?><_d><_f n=""termtype"">å¤šç»ˆç«¯(æœªçŸ¥ç±»åž‹)</_f><_f n=""host"">meituan.com</_f><_f n=""urldata"">meituan.com</_f><_f n=""url"">meituan.com</_f><_f n=""urltype"">ç½‘ä¸Šè´­ç‰©</_f></_d>
"
"65";"113";"423633423";"0";"443";;"<?xml version=""1.0"" encoding=""utf-8""?><_d><_f n=""termtype"">ç§»åŠ¨ç»ˆç«¯(æœªçŸ¥ç±»åž‹)</_f><_f n=""host"">gsp10-ssl.apple.com</_f><_f n=""urldata"">gsp10-ssl.apple.com</_f><_f n=""url"">gsp10-ssl.apple.com</_f><_f n=""urltype"">ITç›¸å…³</_f><_f n=""DNS"">gsp10-ssl.apple.com</_f>
</_d>
"
"66";"114";"423633423";"0";"443";;"<?xml version=""1.0"" encoding=""utf-8""?><_d><_f n=""termtype"">ç§»åŠ¨ç»ˆç«¯(æœªçŸ¥ç±»åž‹)</_f><_f n=""host"">gsp10-ssl.apple.com</_f><_f n=""urldata"">gsp10-ssl.apple.com</_f><_f n=""url"">gsp10-ssl.apple.com</_f><_f n=""urltype"">ITç›¸å…³</_f><_f n=""DNS"">gsp10-ssl.apple.com</_f>
</_d>
"
"67";"115";"423633423";"0";"443";;"<?xml version=""1.0"" encoding=""utf-8""?><_d><_f n=""termtype"">ç§»åŠ¨ç»ˆç«¯(æœªçŸ¥ç±»åž‹)</_f><_f n=""host"">gsp10-ssl.apple.com</_f><_f n=""urldata"">gsp10-ssl.apple.com</_f><_f n=""url"">gsp10-ssl.apple.com</_f><_f n=""urltype"">ITç›¸å…³</_f><_f n=""DNS"">gsp10-ssl.apple.com</_f>
</_d>
"
"68";"116";"423633423";"0";"443";;"<?xml version=""1.0"" encoding=""utf-8""?><_d><_f n=""termtype"">ç§»åŠ¨ç»ˆç«¯(æœªçŸ¥ç±»åž‹)</_f><_f n=""host"">gsp10-ssl.apple.com</_f><_f n=""urldata"">gsp10-ssl.apple.com</_f><_f n=""url"">gsp10-ssl.apple.com</_f><_f n=""urltype"">ITç›¸å…³</_f><_f n=""DNS"">gsp10-ssl.apple.com</_f>
</_d>
"
"69";"117";"423633423";"0";"443";;"<?xml version=""1.0"" encoding=""utf-8""?><_d><_f n=""termtype"">ç§»åŠ¨ç»ˆç«¯(æœªçŸ¥ç±»åž‹)</_f><_f n=""host"">*.icloud.com</_f><_f n=""urldata"">*.icloud.com</_f><_f n=""url"">*.icloud.com</_f><_f n=""urltype"">ITç›¸å…³</_f><_f n=""DNS"">p22-ckdatabase.icloud.com</_f>
</_d>
"
"70";"119";"423633423";"0";"443";;"<?xml version=""1.0"" encoding=""utf-8""?><_d><_f n=""termtype"">ç§»åŠ¨ç»ˆç«¯(æœªçŸ¥ç±»åž‹)</_f><_f n=""host"">gsp10-ssl.apple.com</_f><_f n=""urldata"">gsp10-ssl.apple.com</_f><_f n=""url"">gsp10-ssl.apple.com</_f><_f n=""urltype"">ITç›¸å…³</_f><_f n=""DNS"">gsp10-ssl.apple.com</_f>
</_d>
"
"71";"120";"423633423";"0";"443";;"<?xml version=""1.0"" encoding=""utf-8""?><_d><_f n=""termtype"">ç§»åŠ¨ç»ˆç«¯(æœªçŸ¥ç±»åž‹)</_f><_f n=""host"">gsp10-ssl.apple.com</_f><_f n=""urldata"">gsp10-ssl.apple.com</_f><_f n=""url"">gsp10-ssl.apple.com</_f><_f n=""urltype"">ITç›¸å…³</_f><_f n=""DNS"">gsp10-ssl.apple.com</_f>
</_d>
"
"72";"121";"423633423";"0";"443";;"<?xml version=""1.0"" encoding=""utf-8""?><_d><_f n=""termtype"">ç§»åŠ¨ç»ˆç«¯(æœªçŸ¥ç±»åž‹)</_f><_f n=""host"">gsp10-ssl.apple.com</_f><_f n=""urldata"">gsp10-ssl.apple.com</_f><_f n=""url"">gsp10-ssl.apple.com</_f><_f n=""urltype"">ITç›¸å…³</_f><_f n=""DNS"">gsp10-ssl.apple.com</_f>
</_d>
"
"73";"122";"423633423";"0";"443";;"<?xml version=""1.0"" encoding=""utf-8""?><_d><_f n=""termtype"">ç§»åŠ¨ç»ˆç«¯(æœªçŸ¥ç±»åž‹)</_f><_f n=""host"">gsp10-ssl.apple.com</_f><_f n=""urldata"">gsp10-ssl.apple.com</_f><_f n=""url"">gsp10-ssl.apple.com</_f><_f n=""urltype"">ITç›¸å…³</_f><_f n=""DNS"">gsp10-ssl.apple.com</_f>
</_d>
"
"74";"125";"423633423";"0";"443";;"<?xml version=""1.0"" encoding=""utf-8""?><_d><_f n=""termtype"">ç§»åŠ¨ç»ˆç«¯(æœªçŸ¥ç±»åž‹)</_f><_f n=""host"">gsp10-ssl.apple.com</_f><_f n=""urldata"">gsp10-ssl.apple.com</_f><_f n=""url"">gsp10-ssl.apple.com</_f><_f n=""urltype"">ITç›¸å…³</_f><_f n=""DNS"">gsp10-ssl.apple.com</_f>
</_d>
"
"75";"126";"423633423";"0";"443";;"<?xml version=""1.0"" encoding=""utf-8""?><_d><_f n=""termtype"">ç§»åŠ¨ç»ˆç«¯(æœªçŸ¥ç±»åž‹)</_f><_f n=""host"">gsp10-ssl.apple.com</_f><_f n=""urldata"">gsp10-ssl.apple.com</_f><_f n=""url"">gsp10-ssl.apple.com</_f><_f n=""urltype"">ITç›¸å…³</_f><_f n=""DNS"">gsp10-ssl.apple.com</_f>
</_d>
"
"76";"131";"423633423";"0";"443";;"<?xml version=""1.0"" encoding=""utf-8""?><_d><_f n=""termtype"">ç§»åŠ¨ç»ˆç«¯(æœªçŸ¥ç±»åž‹)</_f><_f n=""host"">*.smzdm.com</_f><_f n=""urldata"">*.smzdm.com</_f><_f n=""url"">*.smzdm.com</_f><_f n=""urltype"">ç”Ÿæ´»èµ„è®¯</_f><_f n=""DNS"">api.smzdm.com</_f>
</_d>
"
"77";"132";"423633423";"0";"443";;"<?xml version=""1.0"" encoding=""utf-8""?><_d><_f n=""termtype"">ç§»åŠ¨ç»ˆç«¯(æœªçŸ¥ç±»åž‹)</_f><_f n=""host"">gsp10-ssl.apple.com</_f><_f n=""urldata"">gsp10-ssl.apple.com</_f><_f n=""url"">gsp10-ssl.apple.com</_f><_f n=""urltype"">ITç›¸å…³</_f><_f n=""DNS"">gsp10-ssl.apple.com</_f>
</_d>
"
"78";"133";"423633423";"0";"443";;"<?xml version=""1.0"" encoding=""utf-8""?><_d><_f n=""termtype"">ç§»åŠ¨ç»ˆç«¯(æœªçŸ¥ç±»åž‹)</_f><_f n=""host"">gsp10-ssl.apple.com</_f><_f n=""urldata"">gsp10-ssl.apple.com</_f><_f n=""url"">gsp10-ssl.apple.com</_f><_f n=""urltype"">ITç›¸å…³</_f><_f n=""DNS"">gsp10-ssl.apple.com</_f>
</_d>
"
"79";"134";"423633423";"0";"443";;"<?xml version=""1.0"" encoding=""utf-8""?><_d><_f n=""termtype"">ç§»åŠ¨ç»ˆç«¯(æœªçŸ¥ç±»åž‹)</_f><_f n=""host"">gsp10-ssl.apple.com</_f><_f n=""urldata"">gsp10-ssl.apple.com</_f><_f n=""url"">gsp10-ssl.apple.com</_f><_f n=""urltype"">ITç›¸å…³</_f><_f n=""DNS"">gsp10-ssl.apple.com</_f>
</_d>
"
"80";"135";"423633423";"0";"443";;"<?xml version=""1.0"" encoding=""utf-8""?><_d><_f n=""termtype"">ç§»åŠ¨ç»ˆç«¯(æœªçŸ¥ç±»åž‹)</_f><_f n=""host"">gsp10-ssl.apple.com</_f><_f n=""urldata"">gsp10-ssl.apple.com</_f><_f n=""url"">gsp10-ssl.apple.com</_f><_f n=""urltype"">ITç›¸å…³</_f><_f n=""DNS"">gsp10-ssl.apple.com</_f>
</_d>
"
"81";"137";"423633423";"0";"443";;"<?xml version=""1.0"" encoding=""utf-8""?><_d><_f n=""termtype"">ç§»åŠ¨ç»ˆç«¯(æœªçŸ¥ç±»åž‹)</_f><_f n=""host"">gsp10-ssl.apple.com</_f><_f n=""urldata"">gsp10-ssl.apple.com</_f><_f n=""url"">gsp10-ssl.apple.com</_f><_f n=""urltype"">ITç›¸å…³</_f><_f n=""DNS"">gsp10-ssl.apple.com</_f>
</_d>
"
"82";"138";"423633423";"0";"443";;"<?xml version=""1.0"" encoding=""utf-8""?><_d><_f n=""termtype"">ç§»åŠ¨ç»ˆç«¯(æœªçŸ¥ç±»åž‹)</_f><_f n=""host"">gsp10-ssl.apple.com</_f><_f n=""urldata"">gsp10-ssl.apple.com</_f><_f n=""url"">gsp10-ssl.apple.com</_f><_f n=""urltype"">ITç›¸å…³</_f><_f n=""DNS"">gsp10-ssl.apple.com</_f>
</_d>
"
"83";"139";"423633423";"0";"443";;"<?xml version=""1.0"" encoding=""utf-8""?><_d><_f n=""termtype"">ç§»åŠ¨ç»ˆç«¯(æœªçŸ¥ç±»åž‹)</_f><_f n=""host"">gsp10-ssl.apple.com</_f><_f n=""urldata"">gsp10-ssl.apple.com</_f><_f n=""url"">gsp10-ssl.apple.com</_f><_f n=""urltype"">ITç›¸å…³</_f><_f n=""DNS"">gsp10-ssl.apple.com</_f>
</_d>
"
"84";"140";"423633423";"0";"443";;"<?xml version=""1.0"" encoding=""utf-8""?><_d><_f n=""termtype"">ç§»åŠ¨ç»ˆç«¯(æœªçŸ¥ç±»åž‹)</_f><_f n=""host"">gsp10-ssl.apple.com</_f><_f n=""urldata"">gsp10-ssl.apple.com</_f><_f n=""url"">gsp10-ssl.apple.com</_f><_f n=""urltype"">ITç›¸å…³</_f><_f n=""DNS"">gsp10-ssl.apple.com</_f>
</_d>
"
"85";"141";"423633423";"0";"80";;"<?xml version=""1.0"" encoding=""utf-8""?><_d><_f n=""title"">ç™¾åº¦çƒ­ç‚¹</_f><_f n=""termtype"">ç§»åŠ¨ç»ˆç«¯(æœªçŸ¥ç±»åž‹)</_f><_f n=""host"">entry.baidu.com</_f><_f n=""urldata"">entry.baidu.com/rp/home?psid=u2421237&amp;pswidth=auto&amp;psheight=114&amp;rsi0=375&amp;rsi1=114&amp;ifrid=BAIDUDSPCPRO_WRAP_u2421237_1464710431766&amp;di=u2421237&amp;title=%E5%93%AA%E4%BA%9B%E4%BA%BA%E4%B8%8D%E8%83%BD%E5%90%83%E8%9C%82%E8%9C%9C%E6%9F%A0%E6%AA%AC%E6%B0%B4&amp;mobile=true&amp;ifr=infr%3A1_cross%3A0_drs%3A1_pcs%3A375x559_pss%3A375x3452_cfv%3A0_cpl%3A0_chi%3A4_cce%3A1_cec%3AUTF8_tlm%3A1464681631_ecd%3A1_adw%3A375x114&amp;t=1464710431768&amp;ltu=http%3A%2F%2Fzhidao.baidu.com%2Fquestion%2F424878486961570412.html&amp;ref=https%3A%2F%2Fm.baidu.com%2Ffrom%3D1012616i%2Fbd_page_type%3D1%2Fssid%3D0%2Fuid%3D0%2Fpu%3Dusm%25403%252Csz%25401320_2001%252Cta%2540iphone_1_9.2_3_601%2Fbaiduid%3DA50592E4652BA9697424D22388BBE355%2Fw%3D0_10_%25E8%259C%2582%25E8%259C%259C%25E6%259F%25A0%25E6%25AA%25AC%25E6%25B0%25B4%2Ft%3Diphone%2Fl%3D1%2Ftc%3Fref%3Dwww_iphone%26lid%3D16282788646431756782%26order%3D6%26waplogo%3D1%26waput%3D7%26fm%3Dwnor%26dict%3D-1%26tj%3Dwww_zhidao_normal_6_0_10_title%26sec%3D12663%26di%3D727f8df8e7c15029%26bdenc%3D1%26tch%3D124.333.108.1225.2.455%26nsrc%3DIlPT2AEptyoA_yixCFOxXnANedT62v3IDBqMMS6LLDivpEmixP4kHREsRC0aNWiCGkb8gTCctRsJuH3j_79k9BR_q_lot7oh6SWhuKC%26eqid%3De1f816010754100010000003574db494%26wd%3D%26clk_info%3D%257B%2522srcid%2522%253A%25221529%2522%252C%2522tplname%2522%253A%2522www_zhidao_normal%2522%252C%2522t%2522%253A1464710374023%252C%2522xpath%2522%253A%2522div-div-div-a-div2%2522%257D&amp;_=</_f><_f n=""url"">entry.baidu.com/rp/home?psid=u2421237&amp;pswidth=auto&amp;psheight=114&amp;rsi0=375&amp;rsi1=114&amp;ifrid=BAIDUDSPCPRO_WRAP_u2421237_1464710431766&amp;di=u2421237&amp;title=å“ªäº›äººä¸èƒ½åƒèœ‚èœœæŸ æª¬æ°´&amp;mobile=true&amp;ifr=infr:1_cross:0_drs:1_pcs:375x559_pss:375x3452_cfv:0_cpl:0_chi:4_cce:1_cec:UTF8_tlm:1464681631_ecd:1_adw:375x114&amp;t=1464710431768&amp;ltu=http://zhidao.baidu.com/question/424878486961570412.html&amp;ref=https://m.baidu.com/from=1012616i/bd_page_type=1/ssid=0/uid=0/pu=usm%403%2Csz%401320_2001%2Cta%40iphone_1_9.2_3_601/baiduid=A50592E4652BA9697424D22388BBE355/w=0_10_%E8%9C%82%E8%9C%9C%E6%9F%A0%E6%AA%AC%E6%B0%B4/t=iphone/l=1/tc?ref=www_iphone&amp;lid=16282788646431756782&amp;order=6&amp;waplogo=1&amp;waput=7&amp;fm=wnor&amp;dict=-1&amp;tj=www_zhidao_normal_6_0_10_title&amp;sec=12663&amp;di=727f8df8e7c15029&amp;bdenc=1&amp;tch=124.333.108.1225.2.455&amp;nsrc=IlPT2AEptyoA_yixCFOxXnANedT62v3IDBqMMS6LLDivpEmixP4kHREsRC0aNWiCGkb8gTCctRsJuH3j_79k9BR_q_lot7oh6SWhuKC&amp;eqid=e1f816010754100010000003574db494&amp;wd=&amp;clk_info=%7B%22srcid%22%3A%221529%22%2C%22tplname%22%3A%22www_zhidao_normal%22%2C%22t%22%3A1464710374023%2C%22xpath%22%3A%22div-div-div-a-div2%22%7D&amp;_=</_f><_f n=""urltype"">æœç´¢å¼•æ“Ž</_f><_f n=""DNS"">www.baidu.com</_f>
</_d>
"
"86";"142";"423633423";"0";"443";;"<?xml version=""1.0"" encoding=""utf-8""?><_d><_f n=""termtype"">ç§»åŠ¨ç»ˆç«¯(æœªçŸ¥ç±»åž‹)</_f><_f n=""host"">gsp10-ssl.apple.com</_f><_f n=""urldata"">gsp10-ssl.apple.com</_f><_f n=""url"">gsp10-ssl.apple.com</_f><_f n=""urltype"">ITç›¸å…³</_f><_f n=""DNS"">gsp10-ssl.apple.com</_f>
</_d>
"
"87";"143";"423633423";"0";"443";;"<?xml version=""1.0"" encoding=""utf-8""?><_d><_f n=""termtype"">ç§»åŠ¨ç»ˆç«¯(æœªçŸ¥ç±»åž‹)</_f><_f n=""host"">gsp10-ssl.apple.com</_f><_f n=""urldata"">gsp10-ssl.apple.com</_f><_f n=""url"">gsp10-ssl.apple.com</_f><_f n=""urltype"">ITç›¸å…³</_f><_f n=""DNS"">gsp10-ssl.apple.com</_f>
</_d>
"
"88";"144";"423633423";"0";"443";;"<?xml version=""1.0"" encoding=""utf-8""?><_d><_f n=""termtype"">ç§»åŠ¨ç»ˆç«¯(æœªçŸ¥ç±»åž‹)</_f><_f n=""host"">gsp10-ssl.apple.com</_f><_f n=""urldata"">gsp10-ssl.apple.com</_f><_f n=""url"">gsp10-ssl.apple.com</_f><_f n=""urltype"">ITç›¸å…³</_f><_f n=""DNS"">gsp10-ssl.apple.com</_f>
</_d>
"
"89";"145";"423633423";"0";"80";;"<?xml version=""1.0"" encoding=""utf-8""?><_d><_f n=""title"">301 Moved Permanently</_f><_f n=""termtype"">å¤šç»ˆç«¯(IOS)</_f><_f n=""host"">conf.appwill.com</_f><_f n=""urldata"">conf.appwill.com/conf?&amp;app=AR_IconFreeCN</_f><_f n=""url"">conf.appwill.com/conf?&amp;app=AR_IconFreeCN</_f><_f n=""urltype"">å…¶ä»–</_f><_f n=""DNS"">conf.appwill.com</_f>
</_d>
"
"90";"146";"423633423";"0";"443";;"<?xml version=""1.0"" encoding=""utf-8""?><_d><_f n=""termtype"">å¤šç»ˆç«¯(æœªçŸ¥ç±»åž‹)</_f><_f n=""host"">itunes.apple.com</_f><_f n=""urldata"">itunes.apple.com</_f><_f n=""url"">itunes.apple.com</_f><_f n=""urltype"">ITç›¸å…³</_f><_f n=""DNS"">init.itunes.apple.com</_f>
</_d>
"
"91";"147";"423633423";"0";"80";;"<?xml version=""1.0"" encoding=""utf-8""?><_d><_f n=""title"">ç™¾åº¦ä¸€ä¸‹,ä½ å°±çŸ¥é“</_f><_f n=""termtype"">ç§»åŠ¨ç»ˆç«¯(Android)</_f><_f n=""host"">119.75.217.109</_f><_f n=""urldata"">119.75.217.109/</_f><_f n=""url"">119.75.217.109/</_f><_f n=""urltype"">æœç´¢å¼•æ“Ž</_f><_f n=""DNS"">www.baidu.com</_f>
</_d>
"
"92";"148";"423633423";"0";"443";;"<?xml version=""1.0"" encoding=""utf-8""?><_d><_f n=""termtype"">ç§»åŠ¨ç»ˆç«¯(æœªçŸ¥ç±»åž‹)</_f><_f n=""host"">gsp10-ssl.apple.com</_f><_f n=""urldata"">gsp10-ssl.apple.com</_f><_f n=""url"">gsp10-ssl.apple.com</_f><_f n=""urltype"">ITç›¸å…³</_f><_f n=""DNS"">gsp10-ssl.apple.com</_f>
</_d>
"
"93";"149";"423633423";"0";"443";;"<?xml version=""1.0"" encoding=""utf-8""?><_d><_f n=""termtype"">ç§»åŠ¨ç»ˆç«¯(æœªçŸ¥ç±»åž‹)</_f><_f n=""host"">gsp10-ssl.apple.com</_f><_f n=""urldata"">gsp10-ssl.apple.com</_f><_f n=""url"">gsp10-ssl.apple.com</_f><_f n=""urltype"">ITç›¸å…³</_f><_f n=""DNS"">gsp10-ssl.apple.com</_f>
</_d>
"
"94";"150";"423633423";"0";"443";;"<?xml version=""1.0"" encoding=""utf-8""?><_d><_f n=""termtype"">ç§»åŠ¨ç»ˆç«¯(æœªçŸ¥ç±»åž‹)</_f><_f n=""host"">gsp10-ssl.apple.com</_f><_f n=""urldata"">gsp10-ssl.apple.com</_f><_f n=""url"">gsp10-ssl.apple.com</_f><_f n=""urltype"">ITç›¸å…³</_f><_f n=""DNS"">gsp10-ssl.apple.com</_f>
</_d>
"
"95";"151";"423633423";"0";"443";;"<?xml version=""1.0"" encoding=""utf-8""?><_d><_f n=""termtype"">ç§»åŠ¨ç»ˆç«¯(æœªçŸ¥ç±»åž‹)</_f><_f n=""host"">gsp10-ssl.apple.com</_f><_f n=""urldata"">gsp10-ssl.apple.com</_f><_f n=""url"">gsp10-ssl.apple.com</_f><_f n=""urltype"">ITç›¸å…³</_f><_f n=""DNS"">gsp10-ssl.apple.com</_f>
</_d>
"
"96";"156";"423633423";"0";"80";;"<?xml version=""1.0"" encoding=""utf-8""?><_d><_f n=""title"">ç™¾åº¦çƒ­ç‚¹</_f><_f n=""termtype"">ç§»åŠ¨ç»ˆç«¯(æœªçŸ¥ç±»åž‹)</_f><_f n=""host"">entry.baidu.com</_f><_f n=""urldata"">entry.baidu.com/rp/home?psid=u2421237&amp;pswidth=auto&amp;psheight=114&amp;rsi0=375&amp;rsi1=114&amp;ifrid=BAIDUDSPCPRO_WRAP_u2421237_1464710433730&amp;di=u2421237&amp;title=%E5%93%AA%E4%BA%9B%E4%BA%BA%E4%B8%8D%E8%83%BD%E5%90%83%E8%9C%82%E8%9C%9C%E6%9F%A0%E6%AA%AC%E6%B0%B4&amp;mobile=true&amp;ifr=infr%3A1_cross%3A0_drs%3A1_pcs%3A375x559_pss%3A375x3568_cfv%3A0_cpl%3A0_chi%3A4_cce%3A1_cec%3AUTF8_tlm%3A1464681633_ecd%3A1_adw%3A375x114&amp;t=1464710433731&amp;ltu=http%3A%2F%2Fzhidao.baidu.com%2Fquestion%2F424878486961570412.html&amp;ref=https%3A%2F%2Fm.baidu.com%2Ffrom%3D1012616i%2Fbd_page_type%3D1%2Fssid%3D0%2Fuid%3D0%2Fpu%3Dusm%25403%252Csz%25401320_2001%252Cta%2540iphone_1_9.2_3_601%2Fbaiduid%3DA50592E4652BA9697424D22388BBE355%2Fw%3D0_10_%25E8%259C%2582%25E8%259C%259C%25E6%259F%25A0%25E6%25AA%25AC%25E6%25B0%25B4%2Ft%3Diphone%2Fl%3D1%2Ftc%3Fref%3Dwww_iphone%26lid%3D16282788646431756782%26order%3D6%26waplogo%3D1%26waput%3D7%26fm%3Dwnor%26dict%3D-1%26tj%3Dwww_zhidao_normal_6_0_10_title%26sec%3D12663%26di%3D727f8df8e7c15029%26bdenc%3D1%26tch%3D124.333.108.1225.2.455%26nsrc%3DIlPT2AEptyoA_yixCFOxXnANedT62v3IDBqMMS6LLDivpEmixP4kHREsRC0aNWiCGkb8gTCctRsJuH3j_79k9BR_q_lot7oh6SWhuKC%26eqid%3De1f816010754100010000003574db494%26wd%3D%26clk_info%3D%257B%2522srcid%2522%253A%25221529%2522%252C%2522tplname%2522%253A%2522www_zhidao_normal%2522%252C%2522t%2522%253A1464710374023%252C%2522xpath%2522%253A%2522div-div-div-a-div2%2522%257D&amp;_=</_f><_f n=""url"">entry.baidu.com/rp/home?psid=u2421237&amp;pswidth=auto&amp;psheight=114&amp;rsi0=375&amp;rsi1=114&amp;ifrid=BAIDUDSPCPRO_WRAP_u2421237_1464710433730&amp;di=u2421237&amp;title=å“ªäº›äººä¸èƒ½åƒèœ‚èœœæŸ æª¬æ°´&amp;mobile=true&amp;ifr=infr:1_cross:0_drs:1_pcs:375x559_pss:375x3568_cfv:0_cpl:0_chi:4_cce:1_cec:UTF8_tlm:1464681633_ecd:1_adw:375x114&amp;t=1464710433731&amp;ltu=http://zhidao.baidu.com/question/424878486961570412.html&amp;ref=https://m.baidu.com/from=1012616i/bd_page_type=1/ssid=0/uid=0/pu=usm%403%2Csz%401320_2001%2Cta%40iphone_1_9.2_3_601/baiduid=A50592E4652BA9697424D22388BBE355/w=0_10_%E8%9C%82%E8%9C%9C%E6%9F%A0%E6%AA%AC%E6%B0%B4/t=iphone/l=1/tc?ref=www_iphone&amp;lid=16282788646431756782&amp;order=6&amp;waplogo=1&amp;waput=7&amp;fm=wnor&amp;dict=-1&amp;tj=www_zhidao_normal_6_0_10_title&amp;sec=12663&amp;di=727f8df8e7c15029&amp;bdenc=1&amp;tch=124.333.108.1225.2.455&amp;nsrc=IlPT2AEptyoA_yixCFOxXnANedT62v3IDBqMMS6LLDivpEmixP4kHREsRC0aNWiCGkb8gTCctRsJuH3j_79k9BR_q_lot7oh6SWhuKC&amp;eqid=e1f816010754100010000003574db494&amp;wd=&amp;clk_info=%7B%22srcid%22%3A%221529%22%2C%22tplname%22%3A%22www_zhidao_normal%22%2C%22t%22%3A1464710374023%2C%22xpath%22%3A%22div-div-div-a-div2%22%7D&amp;_=</_f><_f n=""urltype"">æœç´¢å¼•æ“Ž</_f><_f n=""DNS"">www.baidu.com</_f>
</_d>
"
"97";"157";"423633423";"0";"443";;"<?xml version=""1.0"" encoding=""utf-8""?><_d><_f n=""termtype"">ç§»åŠ¨ç»ˆç«¯(æœªçŸ¥ç±»åž‹)</_f><_f n=""host"">gsp10-ssl.apple.com</_f><_f n=""urldata"">gsp10-ssl.apple.com</_f><_f n=""url"">gsp10-ssl.apple.com</_f><_f n=""urltype"">ITç›¸å…³</_f><_f n=""DNS"">gsp10-ssl.apple.com</_f>
</_d>
"
"98";"158";"423633423";"0";"443";;"<?xml version=""1.0"" encoding=""utf-8""?><_d><_f n=""termtype"">ç§»åŠ¨ç»ˆç«¯(æœªçŸ¥ç±»åž‹)</_f><_f n=""host"">gsp10-ssl.apple.com</_f><_f n=""urldata"">gsp10-ssl.apple.com</_f><_f n=""url"">gsp10-ssl.apple.com</_f><_f n=""urltype"">ITç›¸å…³</_f><_f n=""DNS"">gsp10-ssl.apple.com</_f>
</_d>
"
"99";"159";"423633423";"0";"443";;"<?xml version=""1.0"" encoding=""utf-8""?><_d><_f n=""termtype"">ç§»åŠ¨ç»ˆç«¯(æœªçŸ¥ç±»åž‹)</_f><_f n=""host"">gsp10-ssl.apple.com</_f><_f n=""urldata"">gsp10-ssl.apple.com</_f><_f n=""url"">gsp10-ssl.apple.com</_f><_f n=""urltype"">ITç›¸å…³</_f><_f n=""DNS"">gsp10-ssl.apple.com</_f>
</_d>
"
"100";"160";"423633423";"0";"443";;"<?xml version=""1.0"" encoding=""utf-8""?><_d><_f n=""termtype"">ç§»åŠ¨ç»ˆç«¯(æœªçŸ¥ç±»åž‹)</_f><_f n=""host"">gsp10-ssl.apple.com</_f><_f n=""urldata"">gsp10-ssl.apple.com</_f><_f n=""url"">gsp10-ssl.apple.com</_f><_f n=""urltype"">ITç›¸å…³</_f><_f n=""DNS"">gsp10-ssl.apple.com</_f>
</_d>
"
